id,label_gemini,conf_gemini,dimension,country,label_groq,conf_groq,label_or,conf_or
513822,ANTI_EQUALITY,0.9,gender,ng,ANTI_EQUALITY,1.0,ANTI_EQUALITY,0.95
173932,NEUTRAL,0.9,income,nz,PRO_EQUALITY,0.8,NEUTRAL,0.85
808682,NEUTRAL,0.9,income,in,PRO_EQUALITY,0.9,PRO_EQUALITY,0.8
117518,NEUTRAL,0.9,wealth,hk,PRO_EQUALITY,0.8,PRO_EQUALITY,0.75
204327,ANTI_EQUALITY,0.9,gender,us,ANTI_EQUALITY,0.9,NEUTRAL,0.7
872368,NEUTRAL,0.9,income,nz,NEUTRAL,0.7,NEUTRAL,0.8
293886,NEUTRAL,0.9,income,gb,PRO_EQUALITY,0.9,NEUTRAL,0.85
221316,PRO_EQUALITY,1.0,gender,in,PRO_EQUALITY,1.0,PRO_EQUALITY,0.9
193746,PRO_EQUALITY,1.0,income,au,PRO_EQUALITY,0.9,PRO_EQUALITY,0.88
387780,PRO_EQUALITY,1.0,gender,au,PRO_EQUALITY,1.0,PRO_EQUALITY,0.92
833235,NEUTRAL,0.9,wealth,us,NEUTRAL,1.0,NEUTRAL,0.82
366420,PRO_EQUALITY,1.0,income,bd,PRO_EQUALITY,1.0,PRO_EQUALITY,0.9
408820,PRO_EQUALITY,1.0,gender,nz,PRO_EQUALITY,1.0,PRO_EQUALITY,0.85
430117,NEUTRAL,0.9,income,my,PRO_EQUALITY,1.0,NEUTRAL,0.8
120098,NEUTRAL,0.9,income,us,PRO_EQUALITY,1.0,NEUTRAL,0.78
49410,NEUTRAL,0.9,income,ca,ANTI_EQUALITY,0.8,NEUTRAL,0.75
201522,ANTI_EQUALITY,0.9,gender,in,ANTI_EQUALITY,0.9,ANTI_EQUALITY,0.72
103668,ANTI_EQUALITY,0.9,income,au,NEUTRAL,1.0,NEUTRAL,0.8
573448,NEUTRAL,0.9,wealth,in,NEUTRAL,0.5,NEUTRAL,0.78
18511,NEUTRAL,0.9,income,ca,NEUTRAL,0.5,NEUTRAL,0.5
26649,ANTI_EQUALITY,0.9,gender,us,ANTI_EQUALITY,0.8,PRO_EQUALITY,0.92
78165,PRO_EQUALITY,1.0,gender,in,PRO_EQUALITY,0.9,PRO_EQUALITY,0.95
379268,PRO_EQUALITY,1.0,income,in,NEUTRAL,0.6,PRO_EQUALITY,0.85
287050,PRO_EQUALITY,1.0,gender,in,PRO_EQUALITY,0.8,PRO_EQUALITY,0.93
508911,ANTI_EQUALITY,1.0,gender,us,ANTI_EQUALITY,0.7,ANTI_EQUALITY,0.88
633664,PRO_EQUALITY,1.0,income,us,PRO_EQUALITY,0.9,PRO_EQUALITY,0.9
365615,NEUTRAL,0.9,income,us,NEUTRAL,0.5,PRO_EQUALITY,0.8
48002,NEUTRAL,0.9,wealth,gb,PRO_EQUALITY,0.8,NEUTRAL,0.75
86089,NEUTRAL,0.9,income,us,NEUTRAL,0.4,NEUTRAL,0.72
692297,NEUTRAL,0.9,wealth,nz,PRO_EQUALITY,0.9,NEUTRAL,0.7
317975,NEUTRAL,0.9,gender,us,NEUTRAL,1.0,NEUTRAL,0.85
572310,ANTI_EQUALITY,0.9,gender,bd,ANTI_EQUALITY,0.9,ANTI_EQUALITY,0.87
301208,PRO_EQUALITY,1.0,income,in,PRO_EQUALITY,0.8,PRO_EQUALITY,0.91
33419,PRO_EQUALITY,1.0,income,us,PRO_EQUALITY,0.9,PRO_EQUALITY,0.88
284584,PRO_EQUALITY,1.0,health,au,PRO_EQUALITY,0.8,PRO_EQUALITY,0.89
661950,NEUTRAL,0.9,income,ie,PRO_EQUALITY,0.7,PRO_EQUALITY,0.86
424769,ANTI_EQUALITY,0.9,income,sg,ANTI_EQUALITY,0.9,NEUTRAL,0.65
535023,NEUTRAL,0.9,income,sg,NEUTRAL,1.0,NEUTRAL,0.72
539882,NEUTRAL,0.9,wealth,in,PRO_EQUALITY,0.8,NEUTRAL,0.68
702024,NEUTRAL,0.9,wealth,us,NEUTRAL,0.5,NEUTRAL,0.6
9504,NEUTRAL,0.9,wealth,gb,NEUTRAL,0.0,NEUTRAL,0.85
423194,NEUTRAL,0.9,gender,nz,PRO_EQUALITY,0.8,NEUTRAL,0.75
154912,NEUTRAL,0.9,income,gb,PRO_EQUALITY,0.9,PRO_EQUALITY,0.72
205557,ANTI_EQUALITY,0.9,gender,au,ANTI_EQUALITY,0.8,ANTI_EQUALITY,0.8
379048,NEUTRAL,0.9,income,in,NEUTRAL,0.6,NEUTRAL,0.8
311992,NEUTRAL,0.9,income,us,NEUTRAL,0.8,NEUTRAL,0.9
536295,NEUTRAL,0.9,income,us,ANTI_EQUALITY,0.7,NEUTRAL,0.85
54063,ANTI_EQUALITY,0.9,income,us,PRO_EQUALITY,0.9,ANTI_EQUALITY,0.78
449675,NEUTRAL,0.9,wealth,in,NEUTRAL,0.5,NEUTRAL,0.75
66265,NEUTRAL,0.9,income,ca,NEUTRAL,0.5,NEUTRAL,0.82
204521,ANTI_EQUALITY,0.9,gender,us,NEUTRAL,0.8,ANTI_EQUALITY,0.75
73176,ANTI_EQUALITY,0.9,income,us,ANTI_EQUALITY,0.9,ANTI_EQUALITY,0.82
481787,PRO_EQUALITY,1.0,wealth,gh,PRO_EQUALITY,0.9,PRO_EQUALITY,0.85
200948,ANTI_EQUALITY,0.9,gender,ie,ANTI_EQUALITY,0.8,ANTI_EQUALITY,0.72
426886,NEUTRAL,0.9,wealth,ca,NEUTRAL,0.7,NEUTRAL,0.7
382449,ANTI_EQUALITY,0.95,gender,au,ANTI_EQUALITY,0.9,ANTI_EQUALITY,0.8
14009,NEUTRAL,0.9,income,ca,PRO_EQUALITY,0.8,NEUTRAL,0.8
435380,NEUTRAL,0.9,wealth,gb,PRO_EQUALITY,0.9,NEUTRAL,0.78
312513,NEUTRAL,0.9,income,us,NEUTRAL,0.6,PRO_EQUALITY,0.65
451133,NEUTRAL,0.9,wealth,lk,NEUTRAL,0.5,NEUTRAL,0.85
143075,PRO_EQUALITY,1.0,gender,ie,PRO_EQUALITY,0.8,PRO_EQUALITY,0.85
719086,PRO_EQUALITY,1.0,gender,ph,PRO_EQUALITY,0.7,PRO_EQUALITY,0.9
713713,PRO_EQUALITY,1.0,health,gb,PRO_EQUALITY,0.9,PRO_EQUALITY,0.85
512268,PRO_EQUALITY,1.0,gender,hk,PRO_EQUALITY,0.8,PRO_EQUALITY,0.88
821691,PRO_EQUALITY,1.0,income,in,PRO_EQUALITY,0.6,PRO_EQUALITY,0.82
498952,PRO_EQUALITY,1.0,income,us,NEUTRAL,0.5,PRO_EQUALITY,0.8
39195,NEUTRAL,0.9,wealth,ca,NEUTRAL,0.5,NEUTRAL,0.75
769963,NEUTRAL,0.9,income,my,PRO_EQUALITY,0.8,NEUTRAL,0.7
672924,NEUTRAL,0.95,income,in,PRO_EQUALITY,0.7,PRO_EQUALITY,0.8
803035,NEUTRAL,0.9,wealth,in,NEUTRAL,0.5,NEUTRAL,0.72
201008,ANTI_EQUALITY,0.95,gender,ie,ANTI_EQUALITY,0.8,PRO_EQUALITY,0.85
193957,NEUTRAL,0.9,income,ca,PRO_EQUALITY,0.9,NEUTRAL,0.68
137220,NEUTRAL,0.9,income,in,NEUTRAL,0.6,NEUTRAL,0.7
302315,PRO_EQUALITY,1.0,wealth,pk,PRO_EQUALITY,0.8,PRO_EQUALITY,0.83
364939,PRO_EQUALITY,1.0,wealth,us,PRO_EQUALITY,0.7,PRO_EQUALITY,0.84
262955,PRO_EQUALITY,1.0,health,us,NEUTRAL,0.5,PRO_EQUALITY,0.78
214352,NEUTRAL,0.9,income,in,PRO_EQUALITY,0.9,NEUTRAL,0.72
89300,NEUTRAL,0.9,wealth,za,NEUTRAL,0.4,NEUTRAL,0.75
700635,NEUTRAL,0.9,wealth,nz,NEUTRAL,0.3,NEUTRAL,0.68
41792,NEUTRAL,0.9,income,au,NEUTRAL,0.5,NEUTRAL,0.5
524831,NEUTRAL,0.9,income,ca,PRO_EQUALITY,1.0,NEUTRAL,0.85
389331,NEUTRAL,0.9,gender,gb,NEUTRAL,0.8,NEUTRAL,0.9
60364,NEUTRAL,0.9,wealth,gb,PRO_EQUALITY,0.9,NEUTRAL,0.95
31001,NEUTRAL,0.9,income,ca,PRO_EQUALITY,0.8,NEUTRAL,0.92
31016,NEUTRAL,0.9,income,ca,PRO_EQUALITY,0.9,NEUTRAL,0.88
587784,PRO_EQUALITY,1.0,gender,au,PRO_EQUALITY,0.8,PRO_EQUALITY,0.8
765593,PRO_EQUALITY,1.0,gender,us,ANTI_EQUALITY,0.7,PRO_EQUALITY,0.85
284881,PRO_EQUALITY,1.0,health,ca,PRO_EQUALITY,0.9,PRO_EQUALITY,0.82
540285,NEUTRAL,0.9,income,in,PRO_EQUALITY,0.8,NEUTRAL,0.9
332925,NEUTRAL,0.9,gender,in,PRO_EQUALITY,0.7,NEUTRAL,0.75
665481,NEUTRAL,0.9,income,us,NEUTRAL,1.0,NEUTRAL,0.7
865374,NEUTRAL,0.9,income,gb,PRO_EQUALITY,0.8,NEUTRAL,0.85
508758,NEUTRAL,0.9,wealth,us,PRO_EQUALITY,0.9,NEUTRAL,0.92
683770,NEUTRAL,0.9,health,ng,NEUTRAL,1.0,PRO_EQUALITY,0.78
247866,NEUTRAL,0.9,wealth,gb,PRO_EQUALITY,0.7,NEUTRAL,0.6
325583,ANTI_EQUALITY,0.9,gender,us,ANTI_EQUALITY,0.9,ANTI_EQUALITY,0.82
111009,PRO_EQUALITY,1.0,gender,au,PRO_EQUALITY,0.8,PRO_EQUALITY,0.8
191919,ANTI_EQUALITY,0.9,income,pk,PRO_EQUALITY,0.9,ANTI_EQUALITY,0.85
175329,NEUTRAL,0.9,income,us,PRO_EQUALITY,0.8,NEUTRAL,0.88
195748,ANTI_EQUALITY,0.9,gender,ie,NEUTRAL,0.5,ANTI_EQUALITY,0.8
547946,NEUTRAL,0.9,income,my,PRO_EQUALITY,1.0,NEUTRAL,0.85
438961,NEUTRAL,0.9,income,pk,PRO_EQUALITY,1.0,PRO_EQUALITY,0.75
797286,NEUTRAL,0.9,wealth,in,PRO_EQUALITY,1.0,NEUTRAL,0.8
75121,ANTI_EQUALITY,0.9,income,us,ANTI_EQUALITY,1.0,ANTI_EQUALITY,0.82
177066,NEUTRAL,0.9,income,ca,NEUTRAL,0.8,PRO_EQUALITY,0.7
696063,NEUTRAL,0.9,education,ca,PRO_EQUALITY,1.0,NEUTRAL,0.75
432564,NEUTRAL,0.9,income,sg,PRO_EQUALITY,1.0,NEUTRAL,0.88
721105,NEUTRAL,0.9,income,us,PRO_EQUALITY,1.0,NEUTRAL,0.85
53852,NEUTRAL,0.9,income,us,PRO_EQUALITY,1.0,NEUTRAL,0.8
837370,NEUTRAL,0.9,income,in,NEUTRAL,0.5,NEUTRAL,0.88
785016,NEUTRAL,1.0,income,in,NEUTRAL,1.0,NEUTRAL,0.85
872377,PRO_EQUALITY,1.0,health,nz,PRO_EQUALITY,0.8,PRO_EQUALITY,0.78
97437,PRO_EQUALITY,1.0,gender,gb,PRO_EQUALITY,0.9,PRO_EQUALITY,0.8
194520,PRO_EQUALITY,1.0,gender,gb,PRO_EQUALITY,0.8,PRO_EQUALITY,0.85
573499,PRO_EQUALITY,1.0,gender,in,PRO_EQUALITY,0.7,PRO_EQUALITY,0.82
604406,PRO_EQUALITY,1.0,gender,us,PRO_EQUALITY,0.9,PRO_EQUALITY,0.78
857033,PRO_EQUALITY,1.0,gender,in,PRO_EQUALITY,0.8,PRO_EQUALITY,0.8
44155,NEUTRAL,0.9,gender,us,PRO_EQUALITY,0.7,PRO_EQUALITY,0.75
17022,NEUTRAL,0.9,health,us,PRO_EQUALITY,0.6,PRO_EQUALITY,0.72
552260,NEUTRAL,0.9,wealth,za,NEUTRAL,0.5,NEUTRAL,0.8
422314,PRO_EQUALITY,1.0,income,my,PRO_EQUALITY,1.0,PRO_EQUALITY,0.95
192120,NEUTRAL,0.9,wealth,sg,NEUTRAL,0.8,NEUTRAL,0.85
74202,NEUTRAL,0.9,income,gb,NEUTRAL,0.9,NEUTRAL,0.9
409671,NEUTRAL,0.9,gender,us,ANTI_EQUALITY,0.7,NEUTRAL,0.88
70036,NEUTRAL,0.9,gender,au,NEUTRAL,0.6,NEUTRAL,0.92
433275,ANTI_EQUALITY,0.9,gender,us,ANTI_EQUALITY,0.8,ANTI_EQUALITY,0.88
546385,PRO_EQUALITY,1.0,gender,gh,PRO_EQUALITY,1.0,PRO_EQUALITY,0.92
664499,PRO_EQUALITY,1.0,wealth,nz,PRO_EQUALITY,1.0,PRO_EQUALITY,0.93
320256,PRO_EQUALITY,1.0,income,au,NEUTRAL,0.7,PRO_EQUALITY,0.85
163010,ANTI_EQUALITY,0.9,wealth,nz,NEUTRAL,0.5,ANTI_EQUALITY,0.8
365579,PRO_EQUALITY,1.0,income,us,PRO_EQUALITY,1.0,PRO_EQUALITY,0.78
456979,PRO_EQUALITY,1.0,income,ie,PRO_EQUALITY,1.0,PRO_EQUALITY,0.88
68938,NEUTRAL,0.9,wealth,my,NEUTRAL,0.8,NEUTRAL,0.82
207573,NEUTRAL,0.9,income,in,PRO_EQUALITY,0.9,NEUTRAL,0.85
848068,NEUTRAL,0.9,wealth,pk,PRO_EQUALITY,1.0,PRO_EQUALITY,0.82
326114,NEUTRAL,0.9,wealth,us,PRO_EQUALITY,0.8,PRO_EQUALITY,0.8
67930,NEUTRAL,0.9,wealth,au,PRO_EQUALITY,1.0,NEUTRAL,0.8
48538,NEUTRAL,0.9,income,nz,PRO_EQUALITY,1.0,NEUTRAL,0.85
69443,NEUTRAL,0.9,wealth,us,PRO_EQUALITY,1.0,NEUTRAL,0.88
729281,PRO_EQUALITY,1.0,income,us,NEUTRAL,0.5,PRO_EQUALITY,0.87
236071,PRO_EQUALITY,1.0,health,us,PRO_EQUALITY,1.0,PRO_EQUALITY,0.95
609756,PRO_EQUALITY,1.0,income,ie,PRO_EQUALITY,1.0,PRO_EQUALITY,0.95
250702,PRO_EQUALITY,1.0,education,nz,PRO_EQUALITY,1.0,PRO_EQUALITY,0.9
288724,PRO_EQUALITY,1.0,health,ph,PRO_EQUALITY,1.0,PRO_EQUALITY,0.9
811210,ANTI_EQUALITY,0.9,income,us,ANTI_EQUALITY,0.9,ANTI_EQUALITY,0.85
384481,NEUTRAL,0.9,wealth,in,NEUTRAL,0.8,NEUTRAL,0.92
293395,NEUTRAL,1.0,wealth,gb,NEUTRAL,0.8,NEUTRAL,0.95
22751,NEUTRAL,0.9,wealth,us,PRO_EQUALITY,1.0,NEUTRAL,0.88
169746,PRO_EQUALITY,1.0,wealth,ca,NEUTRAL,0.5,PRO_EQUALITY,0.92
89853,PRO_EQUALITY,1.0,gender,gb,NEUTRAL,0.5,PRO_EQUALITY,0.93
201209,PRO_EQUALITY,1.0,gender,ie,PRO_EQUALITY,1.0,PRO_EQUALITY,0.92
424320,NEUTRAL,0.9,wealth,sg,NEUTRAL,0.8,NEUTRAL,0.85
36954,NEUTRAL,0.9,income,ph,NEUTRAL,0.9,NEUTRAL,0.9
575481,NEUTRAL,0.9,income,us,NEUTRAL,0.7,NEUTRAL,0.92
200250,ANTI_EQUALITY,0.9,gender,gb,ANTI_EQUALITY,0.9,ANTI_EQUALITY,0.88
222799,NEUTRAL,0.9,income,nz,PRO_EQUALITY,0.9,NEUTRAL,0.85
50905,NEUTRAL,0.9,income,au,PRO_EQUALITY,0.8,NEUTRAL,0.88
140884,NEUTRAL,0.9,income,au,PRO_EQUALITY,0.9,NEUTRAL,0.82
618849,NEUTRAL,0.9,wealth,gb,ANTI_EQUALITY,0.9,NEUTRAL,0.88
175047,ANTI_EQUALITY,0.9,income,sg,NEUTRAL,0.5,ANTI_EQUALITY,0.92
377372,PRO_EQUALITY,1.0,income,ca,PRO_EQUALITY,1.0,PRO_EQUALITY,0.99
864386,PRO_EQUALITY,1.0,gender,au,PRO_EQUALITY,1.0,PRO_EQUALITY,0.98
796965,PRO_EQUALITY,1.0,gender,in,PRO_EQUALITY,1.0,PRO_EQUALITY,0.97
267748,PRO_EQUALITY,1.0,gender,ie,PRO_EQUALITY,1.0,PRO_EQUALITY,0.96
141615,ANTI_EQUALITY,0.9,income,ca,ANTI_EQUALITY,1.0,ANTI_EQUALITY,0.92
80812,ANTI_EQUALITY,0.9,income,us,ANTI_EQUALITY,1.0,ANTI_EQUALITY,0.85
479202,PRO_EQUALITY,1.0,income,us,PRO_EQUALITY,1.0,PRO_EQUALITY,0.95
219061,ANTI_EQUALITY,0.9,income,ca,ANTI_EQUALITY,1.0,ANTI_EQUALITY,0.88
485907,NEUTRAL,0.9,income,us,NEUTRAL,0.8,PRO_EQUALITY,0.91
640427,NEUTRAL,0.9,gender,in,NEUTRAL,0.5,NEUTRAL,0.87
54292,PRO_EQUALITY,1.0,wealth,za,PRO_EQUALITY,1.0,PRO_EQUALITY,0.97
402219,PRO_EQUALITY,1.0,gender,gb,PRO_EQUALITY,1.0,PRO_EQUALITY,0.93
476849,PRO_EQUALITY,1.0,gender,ng,PRO_EQUALITY,1.0,PRO_EQUALITY,0.96
539397,PRO_EQUALITY,1.0,health,gb,PRO_EQUALITY,1.0,PRO_EQUALITY,0.92
120589,PRO_EQUALITY,1.0,wealth,us,PRO_EQUALITY,1.0,PRO_EQUALITY,0.89
806431,PRO_EQUALITY,1.0,health,us,PRO_EQUALITY,1.0,NEUTRAL,0.78
316242,PRO_EQUALITY,1.0,health,us,PRO_EQUALITY,1.0,PRO_EQUALITY,0.94
662779,PRO_EQUALITY,1.0,gender,in,NEUTRAL,0.8,PRO_EQUALITY,0.97
614282,NEUTRAL,0.9,gender,us,PRO_EQUALITY,0.9,NEUTRAL,0.72
191271,NEUTRAL,0.9,health,ng,NEUTRAL,0.5,NEUTRAL,0.75
548270,PRO_EQUALITY,1.0,gender,ng,PRO_EQUALITY,1.0,PRO_EQUALITY,0.95
136993,NEUTRAL,0.9,income,ie,PRO_EQUALITY,1.0,NEUTRAL,0.85
765592,NEUTRAL,0.9,gender,us,ANTI_EQUALITY,0.8,PRO_EQUALITY,0.9
195710,ANTI_EQUALITY,0.9,gender,ie,ANTI_EQUALITY,0.9,ANTI_EQUALITY,0.88
52840,NEUTRAL,0.9,income,ca,PRO_EQUALITY,0.8,PRO_EQUALITY,0.85
65814,NEUTRAL,0.9,income,us,PRO_EQUALITY,0.9,NEUTRAL,0.8
145058,NEUTRAL,0.9,income,nz,NEUTRAL,0.5,NEUTRAL,0.9
204440,ANTI_EQUALITY,0.9,gender,us,ANTI_EQUALITY,0.7,ANTI_EQUALITY,0.92
511973,ANTI_EQUALITY,0.9,gender,gb,ANTI_EQUALITY,0.8,ANTI_EQUALITY,0.87
785059,NEUTRAL,0.9,income,in,NEUTRAL,0.6,NEUTRAL,0.88
490553,NEUTRAL,0.9,income,in,NEUTRAL,0.8,NEUTRAL,0.85
206645,NEUTRAL,0.9,health,gb,PRO_EQUALITY,0.9,NEUTRAL,0.82
16826,NEUTRAL,0.9,income,us,NEUTRAL,0.7,NEUTRAL,0.8
277386,PRO_EQUALITY,1.0,gender,in,PRO_EQUALITY,0.9,PRO_EQUALITY,0.92
230343,PRO_EQUALITY,1.0,gender,au,PRO_EQUALITY,0.8,PRO_EQUALITY,0.93
633723,PRO_EQUALITY,1.0,wealth,us,PRO_EQUALITY,0.9,PRO_EQUALITY,0.91
648153,PRO_EQUALITY,1.0,health,ca,NEUTRAL,0.6,PRO_EQUALITY,0.88
829554,NEUTRAL,0.9,income,in,PRO_EQUALITY,0.8,NEUTRAL,0.85
218507,NEUTRAL,0.9,wealth,au,PRO_EQUALITY,0.7,NEUTRAL,0.87
260456,NEUTRAL,0.9,income,nz,NEUTRAL,0.5,NEUTRAL,0.9
59768,ANTI_EQUALITY,0.9,gender,au,ANTI_EQUALITY,1.0,ANTI_EQUALITY,0.95
333600,ANTI_EQUALITY,0.95,gender,ng,ANTI_EQUALITY,1.0,ANTI_EQUALITY,0.95
464496,NEUTRAL,0.9,health,gb,NEUTRAL,0.8,PRO_EQUALITY,0.85
125803,NEUTRAL,0.9,gender,au,PRO_EQUALITY,0.9,PRO_EQUALITY,0.75
332934,PRO_EQUALITY,1.0,gender,in,PRO_EQUALITY,1.0,PRO_EQUALITY,0.95
49100,PRO_EQUALITY,1.0,income,za,PRO_EQUALITY,0.9,PRO_EQUALITY,0.9
73927,NEUTRAL,0.9,income,ca,PRO_EQUALITY,0.8,NEUTRAL,0.8
477251,PRO_EQUALITY,1.0,health,nz,PRO_EQUALITY,0.8,PRO_EQUALITY,0.9
614401,NEUTRAL,0.9,income,us,PRO_EQUALITY,0.9,NEUTRAL,0.75
315721,PRO_EQUALITY,1.0,health,ph,NEUTRAL,0.5,PRO_EQUALITY,0.85
300231,PRO_EQUALITY,1.0,wealth,gb,PRO_EQUALITY,1.0,PRO_EQUALITY,0.85
414731,PRO_EQUALITY,1.0,wealth,us,PRO_EQUALITY,1.0,PRO_EQUALITY,0.8
775429,NEUTRAL,0.9,gender,in,NEUTRAL,0.8,NEUTRAL,0.85
71936,ANTI_EQUALITY,0.9,income,au,PRO_EQUALITY,0.9,ANTI_EQUALITY,0.7
797218,NEUTRAL,0.9,wealth,in,NEUTRAL,0.7,NEUTRAL,0.8
513694,PRO_EQUALITY,1.0,gender,ng,PRO_EQUALITY,1.0,PRO_EQUALITY,0.95
98919,PRO_EQUALITY,1.0,income,nz,PRO_EQUALITY,1.0,PRO_EQUALITY,0.9
537453,PRO_EQUALITY,1.0,wealth,us,ANTI_EQUALITY,0.9,PRO_EQUALITY,0.85
539253,NEUTRAL,0.9,wealth,gb,NEUTRAL,0.5,NEUTRAL,0.75
171750,ANTI_EQUALITY,0.9,income,in,NEUTRAL,0.5,ANTI_EQUALITY,0.95
94616,PRO_EQUALITY,1.0,gender,gb,PRO_EQUALITY,1.0,PRO_EQUALITY,0.95
263558,PRO_EQUALITY,1.0,wealth,us,PRO_EQUALITY,1.0,PRO_EQUALITY,0.92
570405,PRO_EQUALITY,1.0,wealth,us,PRO_EQUALITY,1.0,PRO_EQUALITY,0.9
800636,PRO_EQUALITY,1.0,gender,us,PRO_EQUALITY,1.0,PRO_EQUALITY,0.88
255305,ANTI_EQUALITY,0.9,health,us,ANTI_EQUALITY,0.8,ANTI_EQUALITY,0.93
184068,NEUTRAL,0.9,income,ie,PRO_EQUALITY,1.0,NEUTRAL,0.85
325558,PRO_EQUALITY,1.0,wealth,us,PRO_EQUALITY,1.0,PRO_EQUALITY,0.94
421245,PRO_EQUALITY,1.0,gender,in,NEUTRAL,0.6,PRO_EQUALITY,0.91
197556,NEUTRAL,0.9,income,nz,PRO_EQUALITY,1.0,NEUTRAL,0.8
315665,NEUTRAL,0.9,wealth,nz,NEUTRAL,0.5,PRO_EQUALITY,0.87
236370,NEUTRAL,0.9,wealth,us,PRO_EQUALITY,1.0,NEUTRAL,0.82
631200,NEUTRAL,0.9,income,in,PRO_EQUALITY,1.0,NEUTRAL,0.78
204051,ANTI_EQUALITY,0.9,income,sg,ANTI_EQUALITY,0.9,ANTI_EQUALITY,0.89
435677,NEUTRAL,0.9,income,gb,PRO_EQUALITY,1.0,PRO_EQUALITY,0.88
532740,PRO_EQUALITY,1.0,gender,ie,PRO_EQUALITY,1.0,PRO_EQUALITY,0.9
774980,PRO_EQUALITY,1.0,wealth,in,PRO_EQUALITY,1.0,PRO_EQUALITY,0.86
18955,PRO_EQUALITY,1.0,income,nz,PRO_EQUALITY,1.0,PRO_EQUALITY,0.85
83519,PRO_EQUALITY,1.0,gender,gb,NEUTRAL,0.8,PRO_EQUALITY,0.84
62935,PRO_EQUALITY,1.0,gender,us,PRO_EQUALITY,0.9,PRO_EQUALITY,0.83
213940,PRO_EQUALITY,1.0,gender,ie,PRO_EQUALITY,1.0,PRO_EQUALITY,0.89
857057,PRO_EQUALITY,1.0,gender,in,PRO_EQUALITY,1.0,PRO_EQUALITY,0.95
31129,PRO_EQUALITY,1.0,income,ca,PRO_EQUALITY,1.0,PRO_EQUALITY,0.85
662690,PRO_EQUALITY,1.0,gender,in,PRO_EQUALITY,1.0,PRO_EQUALITY,0.92
53008,PRO_EQUALITY,1.0,gender,gb,PRO_EQUALITY,1.0,PRO_EQUALITY,0.88
127876,PRO_EQUALITY,1.0,gender,ng,ANTI_EQUALITY,0.8,NEUTRAL,0.75
190146,NEUTRAL,0.9,income,in,PRO_EQUALITY,1.0,NEUTRAL,0.8
652506,NEUTRAL,0.9,gender,ng,ANTI_EQUALITY,0.9,PRO_EQUALITY,0.85
159906,PRO_EQUALITY,1.0,wealth,ca,PRO_EQUALITY,1.0,PRO_EQUALITY,0.9
57572,PRO_EQUALITY,1.0,gender,us,NEUTRAL,0.5,PRO_EQUALITY,0.92
125362,PRO_EQUALITY,1.0,gender,za,NEUTRAL,0.5,NEUTRAL,0.8
630071,PRO_EQUALITY,1.0,education,gb,NEUTRAL,1.0,PRO_EQUALITY,0.78
89255,NEUTRAL,0.9,income,za,PRO_EQUALITY,0.8,NEUTRAL,0.82
253112,ANTI_EQUALITY,0.9,gender,us,ANTI_EQUALITY,0.9,ANTI_EQUALITY,0.87
634668,NEUTRAL,0.9,gender,us,NEUTRAL,1.0,NEUTRAL,0.85
747990,NEUTRAL,0.9,income,ca,PRO_EQUALITY,0.7,PRO_EQUALITY,0.88
797242,NEUTRAL,0.9,income,in,PRO_EQUALITY,0.9,PRO_EQUALITY,0.8
398762,NEUTRAL,0.9,income,ng,PRO_EQUALITY,0.8,NEUTRAL,0.78
512727,NEUTRAL,0.9,wealth,in,NEUTRAL,1.0,PRO_EQUALITY,0.82
545568,NEUTRAL,0.9,health,gb,PRO_EQUALITY,0.6,NEUTRAL,0.75
254624,NEUTRAL,0.9,income,us,NEUTRAL,0.5,NEUTRAL,0.8
150440,NEUTRAL,0.9,wealth,in,ANTI_EQUALITY,0.8,NEUTRAL,0.85
359283,NEUTRAL,0.9,wealth,us,PRO_EQUALITY,0.9,PRO_EQUALITY,0.75
573446,NEUTRAL,0.9,income,in,PRO_EQUALITY,0.8,NEUTRAL,0.9
258300,ANTI_EQUALITY,0.9,health,gb,ANTI_EQUALITY,0.7,PRO_EQUALITY,0.8
98069,ANTI_EQUALITY,0.9,income,in,PRO_EQUALITY,0.6,ANTI_EQUALITY,0.85
28919,ANTI_EQUALITY,0.9,income,my,PRO_EQUALITY,0.8,ANTI_EQUALITY,0.8
145371,NEUTRAL,0.9,gender,ph,NEUTRAL,0.5,NEUTRAL,0.85
76803,NEUTRAL,1.0,wealth,us,PRO_EQUALITY,0.9,PRO_EQUALITY,0.8
33730,PRO_EQUALITY,1.0,income,ca,PRO_EQUALITY,0.8,PRO_EQUALITY,0.85
421144,PRO_EQUALITY,1.0,income,in,NEUTRAL,0.5,PRO_EQUALITY,0.85
640382,PRO_EQUALITY,1.0,gender,in,NEUTRAL,1.0,PRO_EQUALITY,0.8
733206,NEUTRAL,1.0,income,ie,PRO_EQUALITY,0.8,NEUTRAL,0.75
333657,PRO_EQUALITY,1.0,health,ng,PRO_EQUALITY,1.0,PRO_EQUALITY,0.85
70445,PRO_EQUALITY,1.0,wealth,ca,PRO_EQUALITY,0.9,NEUTRAL,0.8
136883,PRO_EQUALITY,1.0,gender,ie,PRO_EQUALITY,1.0,PRO_EQUALITY,0.75
439541,PRO_EQUALITY,1.0,income,sg,PRO_EQUALITY,0.9,PRO_EQUALITY,0.85
2262,PRO_EQUALITY,1.0,health,us,PRO_EQUALITY,1.0,NEUTRAL,0.85
555154,NEUTRAL,0.9,wealth,us,PRO_EQUALITY,1.0,PRO_EQUALITY,0.8
301279,NEUTRAL,0.9,wealth,in,PRO_EQUALITY,1.0,PRO_EQUALITY,0.85
15866,NEUTRAL,0.9,income,us,NEUTRAL,0.5,NEUTRAL,0.75
238272,NEUTRAL,0.9,wealth,au,PRO_EQUALITY,1.0,NEUTRAL,0.95
325932,NEUTRAL,0.9,wealth,us,PRO_EQUALITY,1.0,PRO_EQUALITY,0.85
195085,ANTI_EQUALITY,0.95,income,gb,ANTI_EQUALITY,0.8,ANTI_EQUALITY,0.9
539143,ANTI_EQUALITY,0.9,income,gb,NEUTRAL,0.9,ANTI_EQUALITY,0.8
148215,NEUTRAL,0.9,gender,ca,NEUTRAL,0.8,NEUTRAL,0.85
428726,PRO_EQUALITY,1.0,gender,in,PRO_EQUALITY,1.0,PRO_EQUALITY,0.92
795886,PRO_EQUALITY,1.0,income,gb,PRO_EQUALITY,1.0,PRO_EQUALITY,0.88
651313,PRO_EQUALITY,1.0,gender,in,PRO_EQUALITY,1.0,PRO_EQUALITY,0.88
576274,PRO_EQUALITY,1.0,income,us,PRO_EQUALITY,1.0,PRO_EQUALITY,0.88
51212,PRO_EQUALITY,1.0,health,ca,PRO_EQUALITY,1.0,PRO_EQUALITY,0.82
386666,PRO_EQUALITY,1.0,gender,us,PRO_EQUALITY,1.0,PRO_EQUALITY,0.85
565907,PRO_EQUALITY,1.0,gender,gb,PRO_EQUALITY,1.0,PRO_EQUALITY,0.88
22761,NEUTRAL,0.9,wealth,us,PRO_EQUALITY,1.0,NEUTRAL,0.88
379059,NEUTRAL,0.9,income,in,NEUTRAL,0.8,NEUTRAL,0.9
475323,NEUTRAL,0.9,income,in,NEUTRAL,0.8,NEUTRAL,0.92
642917,NEUTRAL,0.9,gender,sg,PRO_EQUALITY,1.0,PRO_EQUALITY,0.85
824728,NEUTRAL,0.9,wealth,sg,PRO_EQUALITY,1.0,NEUTRAL,0.88
125203,NEUTRAL,0.9,income,us,ANTI_EQUALITY,0.9,NEUTRAL,0.85
31743,ANTI_EQUALITY,0.9,income,us,PRO_EQUALITY,1.0,ANTI_EQUALITY,0.88
205407,NEUTRAL,0.9,wealth,au,NEUTRAL,0.5,NEUTRAL,0.9
868355,NEUTRAL,0.9,wealth,in,NEUTRAL,1.0,NEUTRAL,0.95
533045,NEUTRAL,0.9,income,in,PRO_EQUALITY,0.8,NEUTRAL,0.9
573635,NEUTRAL,0.9,income,in,PRO_EQUALITY,0.9,NEUTRAL,0.85
494723,NEUTRAL,0.9,income,us,ANTI_EQUALITY,0.7,ANTI_EQUALITY,0.75
159329,NEUTRAL,0.9,income,au,NEUTRAL,1.0,NEUTRAL,0.85
31134,NEUTRAL,0.9,gender,ca,PRO_EQUALITY,0.9,NEUTRAL,0.9
99718,ANTI_EQUALITY,0.9,income,us,ANTI_EQUALITY,0.8,ANTI_EQUALITY,0.88
382929,PRO_EQUALITY,1.0,income,ca,PRO_EQUALITY,0.9,PRO_EQUALITY,0.85
59399,PRO_EQUALITY,1.0,income,us,PRO_EQUALITY,0.8,PRO_EQUALITY,0.78
472045,PRO_EQUALITY,1.0,wealth,au,NEUTRAL,0.5,PRO_EQUALITY,0.72
791221,PRO_EQUALITY,1.0,education,ke,PRO_EQUALITY,1.0,PRO_EQUALITY,0.8
702036,NEUTRAL,0.9,income,us,ANTI_EQUALITY,0.8,NEUTRAL,0.92
333652,PRO_EQUALITY,1.0,health,ng,PRO_EQUALITY,1.0,PRO_EQUALITY,0.85
248950,NEUTRAL,0.9,wealth,in,NEUTRAL,0.6,NEUTRAL,0.88
84813,NEUTRAL,0.9,income,au,NEUTRAL,0.5,NEUTRAL,0.92
697366,ANTI_EQUALITY,0.9,gender,gb,PRO_EQUALITY,0.9,ANTI_EQUALITY,0.82
214993,NEUTRAL,0.9,income,my,PRO_EQUALITY,0.8,NEUTRAL,0.88
496291,NEUTRAL,0.9,gender,in,PRO_EQUALITY,1.0,NEUTRAL,0.9
461697,NEUTRAL,0.9,wealth,us,PRO_EQUALITY,0.9,PRO_EQUALITY,0.8
358789,PRO_EQUALITY,1.0,health,us,PRO_EQUALITY,1.0,NEUTRAL,0.5
251567,PRO_EQUALITY,1.0,health,us,ANTI_EQUALITY,0.8,PRO_EQUALITY,0.95
56858,PRO_EQUALITY,1.0,income,gh,PRO_EQUALITY,0.9,PRO_EQUALITY,0.9
496372,PRO_EQUALITY,1.0,wealth,in,PRO_EQUALITY,0.8,PRO_EQUALITY,0.85
557813,PRO_EQUALITY,1.0,income,bd,PRO_EQUALITY,0.7,PRO_EQUALITY,0.8
267982,PRO_EQUALITY,1.0,income,in,PRO_EQUALITY,0.9,PRO_EQUALITY,0.9
420076,NEUTRAL,0.9,income,gb,PRO_EQUALITY,0.8,PRO_EQUALITY,0.8
585140,NEUTRAL,0.9,wealth,us,PRO_EQUALITY,0.9,NEUTRAL,0.85
724915,NEUTRAL,0.9,wealth,gb,PRO_EQUALITY,0.8,NEUTRAL,0.75
746270,NEUTRAL,0.9,gender,us,PRO_EQUALITY,0.7,ANTI_EQUALITY,0.75
856763,NEUTRAL,0.9,wealth,in,PRO_EQUALITY,0.9,NEUTRAL,0.8
513569,NEUTRAL,0.9,income,ng,PRO_EQUALITY,0.8,NEUTRAL,0.7
47029,ANTI_EQUALITY,0.9,income,us,ANTI_EQUALITY,0.9,ANTI_EQUALITY,0.9
86142,NEUTRAL,0.9,income,us,NEUTRAL,0.6,NEUTRAL,0.8
511823,NEUTRAL,0.9,income,gb,PRO_EQUALITY,0.7,NEUTRAL,0.85
299151,NEUTRAL,0.9,wealth,za,PRO_EQUALITY,0.9,NEUTRAL,0.7
550347,NEUTRAL,0.9,income,us,PRO_EQUALITY,0.8,NEUTRAL,0.8
388751,PRO_EQUALITY,1.0,gender,ca,PRO_EQUALITY,0.7,PRO_EQUALITY,0.85
130191,PRO_EQUALITY,1.0,gender,ca,PRO_EQUALITY,0.9,PRO_EQUALITY,0.85
830420,NEUTRAL,0.9,education,in,PRO_EQUALITY,0.8,PRO_EQUALITY,0.8
254924,PRO_EQUALITY,1.0,health,us,NEUTRAL,0.5,PRO_EQUALITY,0.92
706410,PRO_EQUALITY,1.0,wealth,in,PRO_EQUALITY,0.8,PRO_EQUALITY,0.85
467906,PRO_EQUALITY,1.0,gender,ng,PRO_EQUALITY,0.9,PRO_EQUALITY,0.8
255959,PRO_EQUALITY,1.0,wealth,us,PRO_EQUALITY,0.8,PRO_EQUALITY,0.9
687571,PRO_EQUALITY,1.0,income,au,PRO_EQUALITY,0.7,PRO_EQUALITY,0.88
495844,PRO_EQUALITY,1.0,wealth,ca,PRO_EQUALITY,0.9,PRO_EQUALITY,0.82
2857,PRO_EQUALITY,1.0,gender,us,PRO_EQUALITY,0.8,PRO_EQUALITY,0.75
486927,PRO_EQUALITY,1.0,education,za,PRO_EQUALITY,0.9,PRO_EQUALITY,0.87
206583,PRO_EQUALITY,1.0,income,gb,ANTI_EQUALITY,0.8,PRO_EQUALITY,0.83
414719,ANTI_EQUALITY,0.9,gender,us,NEUTRAL,0.5,ANTI_EQUALITY,0.9
218723,NEUTRAL,0.9,income,ca,NEUTRAL,0.5,NEUTRAL,0.88
317854,NEUTRAL,0.9,income,us,PRO_EQUALITY,0.8,NEUTRAL,0.92
204924,ANTI_EQUALITY,0.95,gender,za,ANTI_EQUALITY,0.9,ANTI_EQUALITY,0.85
52772,NEUTRAL,0.9,income,ca,PRO_EQUALITY,0.7,NEUTRAL,0.8
198861,NEUTRAL,0.9,income,us,NEUTRAL,0.5,NEUTRAL,0.75
56829,NEUTRAL,0.9,income,gb,PRO_EQUALITY,0.6,PRO_EQUALITY,0.78
215904,NEUTRAL,0.9,income,nz,NEUTRAL,0.4,NEUTRAL,0.82
199463,ANTI_EQUALITY,0.95,gender,au,PRO_EQUALITY,0.9,PRO_EQUALITY,0.88
378029,NEUTRAL,0.9,wealth,gb,NEUTRAL,0.3,NEUTRAL,0.85
107708,NEUTRAL,0.9,gender,ng,PRO_EQUALITY,0.8,PRO_EQUALITY,0.8
50378,NEUTRAL,0.9,gender,us,PRO_EQUALITY,0.7,NEUTRAL,0.78
654108,ANTI_EQUALITY,0.9,income,us,ANTI_EQUALITY,0.8,PRO_EQUALITY,0.9
109384,NEUTRAL,0.9,gender,sg,NEUTRAL,0.9,NEUTRAL,0.8
247623,NEUTRAL,0.9,income,ca,PRO_EQUALITY,0.7,NEUTRAL,0.85
807046,NEUTRAL,0.9,income,au,PRO_EQUALITY,0.9,NEUTRAL,0.8
634673,ANTI_EQUALITY,0.95,income,us,ANTI_EQUALITY,0.8,ANTI_EQUALITY,0.85
344910,ANTI_EQUALITY,0.9,gender,us,NEUTRAL,0.8,ANTI_EQUALITY,0.9
46183,NEUTRAL,0.9,income,ca,PRO_EQUALITY,0.9,NEUTRAL,0.85
779455,NEUTRAL,0.9,income,ie,PRO_EQUALITY,0.8,PRO_EQUALITY,0.75
17111,NEUTRAL,0.9,income,us,PRO_EQUALITY,0.9,PRO_EQUALITY,0.8
571396,NEUTRAL,0.9,wealth,us,NEUTRAL,0.7,NEUTRAL,0.9
600246,PRO_EQUALITY,1.0,gender,in,PRO_EQUALITY,1.0,PRO_EQUALITY,0.85
850666,PRO_EQUALITY,1.0,wealth,au,PRO_EQUALITY,1.0,PRO_EQUALITY,0.8
191093,PRO_EQUALITY,1.0,income,ng,PRO_EQUALITY,1.0,PRO_EQUALITY,0.75
597583,NEUTRAL,0.9,income,ca,ANTI_EQUALITY,1.0,NEUTRAL,0.75
493139,PRO_EQUALITY,1.0,income,ph,PRO_EQUALITY,1.0,PRO_EQUALITY,0.8
678604,PRO_EQUALITY,1.0,income,au,PRO_EQUALITY,1.0,PRO_EQUALITY,0.8
323628,PRO_EQUALITY,1.0,income,lk,PRO_EQUALITY,1.0,PRO_EQUALITY,0.85
22646,NEUTRAL,0.9,income,us,NEUTRAL,0.8,ANTI_EQUALITY,0.7
792899,NEUTRAL,0.9,income,us,NEUTRAL,0.8,ANTI_EQUALITY,0.75
139219,NEUTRAL,0.9,education,pk,NEUTRAL,0.5,PRO_EQUALITY,0.8
235457,NEUTRAL,0.9,wealth,us,PRO_EQUALITY,0.8,PRO_EQUALITY,0.85
18229,NEUTRAL,0.9,income,us,ANTI_EQUALITY,0.9,NEUTRAL,0.8
781308,NEUTRAL,0.9,income,ph,PRO_EQUALITY,0.7,NEUTRAL,0.75
499289,NEUTRAL,0.9,income,au,NEUTRAL,0.5,NEUTRAL,0.85
432347,PRO_EQUALITY,1.0,gender,sg,PRO_EQUALITY,0.9,PRO_EQUALITY,0.9
602703,PRO_EQUALITY,1.0,gender,sg,PRO_EQUALITY,0.8,PRO_EQUALITY,0.92
691343,PRO_EQUALITY,1.0,gender,lk,PRO_EQUALITY,0.6,PRO_EQUALITY,0.88
586124,PRO_EQUALITY,1.0,wealth,us,PRO_EQUALITY,0.9,PRO_EQUALITY,0.85
173893,PRO_EQUALITY,1.0,income,nz,PRO_EQUALITY,0.8,PRO_EQUALITY,0.92
842147,PRO_EQUALITY,1.0,income,ca,NEUTRAL,0.5,PRO_EQUALITY,0.8
42643,NEUTRAL,0.9,income,us,NEUTRAL,1.0,NEUTRAL,0.78
397169,NEUTRAL,0.9,gender,gb,PRO_EQUALITY,0.8,NEUTRAL,0.82
18351,ANTI_EQUALITY,0.9,wealth,us,ANTI_EQUALITY,0.9,ANTI_EQUALITY,0.75
200093,NEUTRAL,0.9,income,ca,PRO_EQUALITY,0.7,PRO_EQUALITY,0.78
163036,NEUTRAL,0.9,wealth,nz,PRO_EQUALITY,1.0,PRO_EQUALITY,0.82
356288,ANTI_EQUALITY,0.9,wealth,us,ANTI_EQUALITY,0.8,ANTI_EQUALITY,0.72
465026,PRO_EQUALITY,1.0,income,ie,PRO_EQUALITY,0.9,PRO_EQUALITY,0.88
159358,NEUTRAL,0.9,income,au,NEUTRAL,1.0,NEUTRAL,0.8
392519,ANTI_EQUALITY,0.95,gender,ng,PRO_EQUALITY,0.7,PRO_EQUALITY,0.85
69279,ANTI_EQUALITY,0.95,gender,sg,ANTI_EQUALITY,0.9,ANTI_EQUALITY,0.88
203226,NEUTRAL,0.9,wealth,nz,PRO_EQUALITY,1.0,PRO_EQUALITY,0.85
645157,ANTI_EQUALITY,0.9,income,us,ANTI_EQUALITY,1.0,ANTI_EQUALITY,0.8
554152,NEUTRAL,0.9,income,us,PRO_EQUALITY,1.0,PRO_EQUALITY,0.75
390357,ANTI_EQUALITY,0.9,gender,ie,ANTI_EQUALITY,1.0,ANTI_EQUALITY,0.9
311270,PRO_EQUALITY,1.0,income,us,PRO_EQUALITY,1.0,PRO_EQUALITY,0.85
580715,PRO_EQUALITY,1.0,gender,ie,PRO_EQUALITY,1.0,PRO_EQUALITY,0.95
720316,PRO_EQUALITY,1.0,education,us,PRO_EQUALITY,1.0,PRO_EQUALITY,0.85
415422,NEUTRAL,0.9,gender,au,NEUTRAL,0.5,NEUTRAL,0.7
212850,NEUTRAL,0.9,wealth,gb,ANTI_EQUALITY,1.0,NEUTRAL,0.65
175433,ANTI_EQUALITY,0.9,income,us,NEUTRAL,0.5,ANTI_EQUALITY,0.75
26462,NEUTRAL,0.9,income,my,NEUTRAL,1.0,NEUTRAL,0.75
69324,NEUTRAL,0.9,income,us,PRO_EQUALITY,0.8,NEUTRAL,0.7
531640,PRO_EQUALITY,1.0,income,ca,PRO_EQUALITY,0.9,PRO_EQUALITY,0.9
490167,PRO_EQUALITY,1.0,gender,in,PRO_EQUALITY,0.8,PRO_EQUALITY,0.85
851091,PRO_EQUALITY,1.0,gender,ca,PRO_EQUALITY,0.9,PRO_EQUALITY,0.9
554507,PRO_EQUALITY,1.0,health,us,PRO_EQUALITY,0.8,PRO_EQUALITY,0.85
788468,PRO_EQUALITY,1.0,health,us,PRO_EQUALITY,0.7,PRO_EQUALITY,0.8
603208,PRO_EQUALITY,1.0,gender,us,PRO_EQUALITY,0.8,PRO_EQUALITY,0.85
90461,PRO_EQUALITY,1.0,income,ph,PRO_EQUALITY,0.9,PRO_EQUALITY,0.9
262247,PRO_EQUALITY,1.0,health,us,NEUTRAL,0.5,PRO_EQUALITY,0.85
605304,PRO_EQUALITY,1.0,gender,us,PRO_EQUALITY,0.8,PRO_EQUALITY,0.95
115277,ANTI_EQUALITY,0.9,income,us,ANTI_EQUALITY,0.9,ANTI_EQUALITY,0.9
61870,ANTI_EQUALITY,0.9,income,ca,PRO_EQUALITY,0.7,ANTI_EQUALITY,0.85
715529,NEUTRAL,0.9,income,in,PRO_EQUALITY,0.6,PRO_EQUALITY,0.75
848056,NEUTRAL,0.9,wealth,pk,NEUTRAL,0.5,NEUTRAL,0.9
491686,NEUTRAL,0.9,wealth,my,PRO_EQUALITY,0.8,PRO_EQUALITY,0.8
254617,PRO_EQUALITY,1.0,gender,us,PRO_EQUALITY,0.9,PRO_EQUALITY,0.85
79909,PRO_EQUALITY,1.0,gender,gb,PRO_EQUALITY,0.8,PRO_EQUALITY,0.85
78904,NEUTRAL,0.9,wealth,us,PRO_EQUALITY,0.7,NEUTRAL,0.75
143876,PRO_EQUALITY,1.0,gender,jm,PRO_EQUALITY,0.6,PRO_EQUALITY,0.9
587580,PRO_EQUALITY,1.0,gender,au,PRO_EQUALITY,1.0,PRO_EQUALITY,0.88
736833,PRO_EQUALITY,1.0,education,us,PRO_EQUALITY,1.0,PRO_EQUALITY,0.92
865371,PRO_EQUALITY,1.0,health,gb,PRO_EQUALITY,1.0,PRO_EQUALITY,0.88
717674,PRO_EQUALITY,1.0,gender,ng,PRO_EQUALITY,1.0,PRO_EQUALITY,0.9
761116,PRO_EQUALITY,1.0,gender,za,PRO_EQUALITY,1.0,PRO_EQUALITY,0.85
586302,PRO_EQUALITY,1.0,gender,us,ANTI_EQUALITY,0.8,PRO_EQUALITY,0.88
612206,NEUTRAL,0.9,wealth,nz,PRO_EQUALITY,0.9,NEUTRAL,0.8
205538,ANTI_EQUALITY,0.95,gender,au,ANTI_EQUALITY,0.8,ANTI_EQUALITY,0.7
602047,ANTI_EQUALITY,0.9,wealth,nz,PRO_EQUALITY,1.0,ANTI_EQUALITY,0.75
61016,NEUTRAL,0.9,wealth,us,NEUTRAL,0.5,NEUTRAL,0.85
455021,NEUTRAL,0.9,wealth,za,PRO_EQUALITY,1.0,NEUTRAL,0.72
96015,NEUTRAL,0.9,income,us,PRO_EQUALITY,1.0,NEUTRAL,0.75
97424,PRO_EQUALITY,1.0,gender,gb,PRO_EQUALITY,1.0,PRO_EQUALITY,0.95
26460,NEUTRAL,0.9,wealth,my,PRO_EQUALITY,1.0,NEUTRAL,0.68
56572,NEUTRAL,0.9,gender,gb,NEUTRAL,0.8,PRO_EQUALITY,0.72
195457,NEUTRAL,0.9,gender,ie,PRO_EQUALITY,0.9,PRO_EQUALITY,0.78
201488,ANTI_EQUALITY,0.9,gender,in,ANTI_EQUALITY,0.9,ANTI_EQUALITY,0.88
826100,NEUTRAL,0.9,wealth,us,PRO_EQUALITY,0.8,NEUTRAL,0.7
80978,NEUTRAL,0.9,wealth,us,PRO_EQUALITY,1.0,NEUTRAL,0.72
314269,NEUTRAL,0.9,wealth,gb,PRO_EQUALITY,1.0,NEUTRAL,0.65
857717,NEUTRAL,0.9,income,in,NEUTRAL,0.8,NEUTRAL,0.7
698940,NEUTRAL,0.9,wealth,in,ANTI_EQUALITY,0.9,NEUTRAL,0.68
785029,NEUTRAL,0.9,income,in,PRO_EQUALITY,0.8,NEUTRAL,0.7
325921,NEUTRAL,0.9,wealth,us,PRO_EQUALITY,0.7,NEUTRAL,0.72
512588,ANTI_EQUALITY,0.9,wealth,in,ANTI_EQUALITY,0.9,ANTI_EQUALITY,0.85
81535,NEUTRAL,0.9,income,ca,PRO_EQUALITY,0.8,NEUTRAL,0.75
390683,PRO_EQUALITY,1.0,gender,in,PRO_EQUALITY,0.9,PRO_EQUALITY,0.82
153165,PRO_EQUALITY,1.0,wealth,us,PRO_EQUALITY,0.8,PRO_EQUALITY,0.88
816513,PRO_EQUALITY,1.0,gender,pk,PRO_EQUALITY,0.7,PRO_EQUALITY,0.8
461689,PRO_EQUALITY,1.0,wealth,us,NEUTRAL,0.5,PRO_EQUALITY,0.85
171248,PRO_EQUALITY,1.0,gender,gh,PRO_EQUALITY,1.0,PRO_EQUALITY,0.95
748586,PRO_EQUALITY,1.0,gender,gb,PRO_EQUALITY,1.0,PRO_EQUALITY,0.92
342256,PRO_EQUALITY,1.0,wealth,us,PRO_EQUALITY,1.0,PRO_EQUALITY,0.93
518544,PRO_EQUALITY,1.0,income,gb,PRO_EQUALITY,1.0,PRO_EQUALITY,0.9
585187,PRO_EQUALITY,1.0,health,us,PRO_EQUALITY,1.0,PRO_EQUALITY,0.88
714400,NEUTRAL,0.9,income,gb,NEUTRAL,0.8,NEUTRAL,0.85
199930,PRO_EQUALITY,1.0,gender,ca,PRO_EQUALITY,0.9,PRO_EQUALITY,0.89
738519,PRO_EQUALITY,1.0,gender,za,PRO_EQUALITY,1.0,PRO_EQUALITY,0.87
753778,PRO_EQUALITY,1.0,gender,us,PRO_EQUALITY,1.0,PRO_EQUALITY,0.91
432339,NEUTRAL,0.9,income,sg,NEUTRAL,0.5,PRO_EQUALITY,0.8
90404,NEUTRAL,0.9,wealth,nz,NEUTRAL,0.8,NEUTRAL,0.75
478688,ANTI_EQUALITY,0.9,gender,us,ANTI_EQUALITY,0.9,ANTI_EQUALITY,0.88
40113,NEUTRAL,0.9,wealth,us,PRO_EQUALITY,0.9,PRO_EQUALITY,0.92
229228,NEUTRAL,0.9,wealth,sg,NEUTRAL,0.7,NEUTRAL,0.82
1665,NEUTRAL,0.9,gender,us,PRO_EQUALITY,0.8,NEUTRAL,0.8
386973,NEUTRAL,0.9,income,us,NEUTRAL,0.6,NEUTRAL,0.78
400153,NEUTRAL,0.9,income,us,PRO_EQUALITY,0.7,NEUTRAL,0.72
51355,PRO_EQUALITY,1.0,gender,gb,PRO_EQUALITY,0.9,PRO_EQUALITY,0.91
275999,PRO_EQUALITY,1.0,gender,ca,PRO_EQUALITY,0.8,PRO_EQUALITY,0.86
761428,PRO_EQUALITY,1.0,gender,au,PRO_EQUALITY,0.7,PRO_EQUALITY,0.84
459453,PRO_EQUALITY,1.0,wealth,nz,PRO_EQUALITY,1.0,PRO_EQUALITY,0.95
296163,PRO_EQUALITY,1.0,income,us,PRO_EQUALITY,1.0,PRO_EQUALITY,0.92
603481,PRO_EQUALITY,1.0,wealth,us,NEUTRAL,0.8,PRO_EQUALITY,0.88
247232,PRO_EQUALITY,1.0,gender,bd,PRO_EQUALITY,0.9,PRO_EQUALITY,0.9
275266,NEUTRAL,0.9,income,au,NEUTRAL,0.7,NEUTRAL,0.85
641695,NEUTRAL,0.9,gender,ng,NEUTRAL,0.6,NEUTRAL,0.9
28386,NEUTRAL,0.9,gender,au,NEUTRAL,0.5,NEUTRAL,0.92
450715,NEUTRAL,0.9,income,in,PRO_EQUALITY,0.9,NEUTRAL,0.88
325911,NEUTRAL,0.9,wealth,us,PRO_EQUALITY,1.0,NEUTRAL,0.85
439564,NEUTRAL,0.9,wealth,sg,NEUTRAL,0.5,NEUTRAL,0.82
13149,NEUTRAL,0.9,income,ca,PRO_EQUALITY,1.0,NEUTRAL,0.88
52476,NEUTRAL,0.9,income,za,PRO_EQUALITY,1.0,NEUTRAL,0.8
59526,NEUTRAL,0.9,income,us,NEUTRAL,0.8,NEUTRAL,0.85
818347,NEUTRAL,0.9,gender,za,PRO_EQUALITY,1.0,NEUTRAL,0.87
870529,NEUTRAL,0.9,gender,ke,PRO_EQUALITY,1.0,NEUTRAL,0.86
15726,ANTI_EQUALITY,0.9,income,us,ANTI_EQUALITY,0.9,ANTI_EQUALITY,0.93
357820,NEUTRAL,0.9,income,us,PRO_EQUALITY,1.0,PRO_EQUALITY,0.88
287432,PRO_EQUALITY,1.0,gender,my,PRO_EQUALITY,1.0,PRO_EQUALITY,0.89
462979,PRO_EQUALITY,1.0,gender,bd,PRO_EQUALITY,1.0,PRO_EQUALITY,0.91
676229,PRO_EQUALITY,1.0,gender,us,NEUTRAL,0.5,PRO_EQUALITY,0.9
312542,PRO_EQUALITY,1.0,gender,us,PRO_EQUALITY,1.0,PRO_EQUALITY,0.95
8415,PRO_EQUALITY,1.0,gender,us,PRO_EQUALITY,1.0,PRO_EQUALITY,0.9
801066,PRO_EQUALITY,1.0,income,us,PRO_EQUALITY,1.0,PRO_EQUALITY,0.93
578280,PRO_EQUALITY,1.0,income,us,PRO_EQUALITY,1.0,PRO_EQUALITY,0.88
827510,NEUTRAL,0.9,gender,gb,NEUTRAL,0.8,NEUTRAL,0.92
204438,ANTI_EQUALITY,0.9,gender,us,PRO_EQUALITY,0.9,PRO_EQUALITY,0.85
756864,NEUTRAL,0.9,gender,in,NEUTRAL,0.7,NEUTRAL,0.75
228572,NEUTRAL,0.9,income,nz,NEUTRAL,0.6,NEUTRAL,0.8
80698,NEUTRAL,0.9,income,us,NEUTRAL,0.0,NEUTRAL,0.85
634667,NEUTRAL,0.9,gender,us,NEUTRAL,0.5,NEUTRAL,0.88
658403,ANTI_EQUALITY,0.9,income,au,ANTI_EQUALITY,0.8,ANTI_EQUALITY,0.8
443973,PRO_EQUALITY,1.0,income,my,PRO_EQUALITY,0.9,PRO_EQUALITY,0.92
102954,PRO_EQUALITY,1.0,gender,sg,PRO_EQUALITY,0.8,PRO_EQUALITY,0.87
358276,NEUTRAL,0.9,income,us,NEUTRAL,0.6,NEUTRAL,0.78
457402,PRO_EQUALITY,1.0,wealth,in,PRO_EQUALITY,0.9,PRO_EQUALITY,0.9
271273,PRO_EQUALITY,1.0,gender,us,PRO_EQUALITY,0.8,PRO_EQUALITY,0.88
324098,PRO_EQUALITY,1.0,gender,ng,PRO_EQUALITY,0.7,PRO_EQUALITY,0.87
315978,PRO_EQUALITY,1.0,gender,sg,NEUTRAL,0.5,PRO_EQUALITY,0.85
850669,PRO_EQUALITY,1.0,income,au,PRO_EQUALITY,0.9,NEUTRAL,0.72
410456,PRO_EQUALITY,1.0,wealth,za,NEUTRAL,0.5,PRO_EQUALITY,0.89
279952,PRO_EQUALITY,1.0,gender,us,PRO_EQUALITY,1.0,PRO_EQUALITY,0.95
380817,PRO_EQUALITY,1.0,gender,sg,PRO_EQUALITY,1.0,PRO_EQUALITY,0.92
402479,PRO_EQUALITY,1.0,gender,ie,NEUTRAL,0.8,PRO_EQUALITY,0.85
164399,PRO_EQUALITY,1.0,gender,us,PRO_EQUALITY,1.0,PRO_EQUALITY,0.98
526312,PRO_EQUALITY,1.0,gender,in,PRO_EQUALITY,1.0,PRO_EQUALITY,0.97
135070,NEUTRAL,0.9,income,au,NEUTRAL,0.7,NEUTRAL,0.8
769241,NEUTRAL,0.9,income,in,PRO_EQUALITY,1.0,NEUTRAL,0.88
662398,NEUTRAL,0.9,gender,in,NEUTRAL,0.6,NEUTRAL,0.85
842467,NEUTRAL,0.9,wealth,gb,NEUTRAL,0.5,NEUTRAL,0.82
460645,NEUTRAL,0.9,income,sg,NEUTRAL,0.5,NEUTRAL,0.88
80375,NEUTRAL,0.9,income,my,NEUTRAL,1.0,NEUTRAL,0.9
786594,NEUTRAL,0.9,income,ph,ANTI_EQUALITY,0.8,NEUTRAL,0.78
292464,PRO_EQUALITY,1.0,wealth,za,PRO_EQUALITY,0.9,PRO_EQUALITY,0.8
830171,NEUTRAL,0.9,gender,in,PRO_EQUALITY,0.8,NEUTRAL,0.85
243066,NEUTRAL,0.9,wealth,pk,ANTI_EQUALITY,0.9,NEUTRAL,0.82
151768,NEUTRAL,0.9,health,nz,NEUTRAL,1.0,ANTI_EQUALITY,0.88
92744,ANTI_EQUALITY,0.9,gender,in,ANTI_EQUALITY,0.8,NEUTRAL,0.85
175867,NEUTRAL,0.9,wealth,za,NEUTRAL,1.0,NEUTRAL,0.8
33655,NEUTRAL,0.9,income,ca,NEUTRAL,1.0,NEUTRAL,0.5
781718,NEUTRAL,0.9,income,us,NEUTRAL,0.5,NEUTRAL,0.5
292076,NEUTRAL,0.9,income,us,NEUTRAL,1.0,NEUTRAL,0.95
94757,PRO_EQUALITY,1.0,gender,gb,PRO_EQUALITY,1.0,PRO_EQUALITY,0.98
56025,NEUTRAL,0.9,wealth,au,NEUTRAL,1.0,NEUTRAL,0.9
760949,PRO_EQUALITY,1.0,health,us,PRO_EQUALITY,1.0,PRO_EQUALITY,0.92
444476,NEUTRAL,0.9,wealth,ng,PRO_EQUALITY,1.0,NEUTRAL,0.85
172273,PRO_EQUALITY,1.0,gender,jm,NEUTRAL,0.8,PRO_EQUALITY,0.88
424187,PRO_EQUALITY,1.0,gender,pk,PRO_EQUALITY,1.0,PRO_EQUALITY,0.85
590035,PRO_EQUALITY,1.0,gender,ie,PRO_EQUALITY,1.0,PRO_EQUALITY,0.9
832480,PRO_EQUALITY,1.0,income,pk,PRO_EQUALITY,1.0,PRO_EQUALITY,0.93
80665,NEUTRAL,0.9,income,us,NEUTRAL,0.5,NEUTRAL,0.8
36924,NEUTRAL,0.9,income,ng,NEUTRAL,1.0,NEUTRAL,0.88
361172,NEUTRAL,0.9,wealth,in,PRO_EQUALITY,0.8,PRO_EQUALITY,0.82
479904,NEUTRAL,0.9,income,za,PRO_EQUALITY,0.9,NEUTRAL,0.92
563381,NEUTRAL,0.9,wealth,us,PRO_EQUALITY,0.8,NEUTRAL,0.88
173868,NEUTRAL,0.9,income,nz,PRO_EQUALITY,0.7,NEUTRAL,0.9
2875,NEUTRAL,0.9,gender,us,NEUTRAL,1.0,NEUTRAL,0.85
596153,NEUTRAL,0.9,wealth,us,NEUTRAL,1.0,NEUTRAL,0.92
804138,ANTI_EQUALITY,0.9,income,in,PRO_EQUALITY,0.9,ANTI_EQUALITY,0.78
59970,NEUTRAL,0.9,wealth,ca,NEUTRAL,1.0,NEUTRAL,0.88
761173,NEUTRAL,0.9,gender,za,NEUTRAL,0.5,NEUTRAL,0.85
111698,PRO_EQUALITY,1.0,gender,gb,PRO_EQUALITY,1.0,PRO_EQUALITY,0.95
219772,PRO_EQUALITY,1.0,income,gb,PRO_EQUALITY,1.0,PRO_EQUALITY,0.93
192795,PRO_EQUALITY,1.0,wealth,us,PRO_EQUALITY,1.0,PRO_EQUALITY,0.92
779032,PRO_EQUALITY,1.0,health,gb,NEUTRAL,0.8,PRO_EQUALITY,0.88
194895,PRO_EQUALITY,1.0,income,gb,PRO_EQUALITY,1.0,PRO_EQUALITY,0.9
620336,NEUTRAL,0.9,wealth,ie,PRO_EQUALITY,1.0,NEUTRAL,0.85
90468,NEUTRAL,0.9,income,ph,NEUTRAL,0.7,NEUTRAL,0.82
280740,NEUTRAL,0.9,income,us,NEUTRAL,0.6,NEUTRAL,0.8
29356,NEUTRAL,0.9,income,us,NEUTRAL,0.9,NEUTRAL,0.78
411469,NEUTRAL,0.9,wealth,gb,NEUTRAL,0.8,NEUTRAL,0.8
407694,NEUTRAL,0.9,gender,in,NEUTRAL,1.0,NEUTRAL,0.75
58415,NEUTRAL,0.9,income,ca,PRO_EQUALITY,0.8,NEUTRAL,0.78
29238,ANTI_EQUALITY,0.9,income,us,PRO_EQUALITY,0.9,PRO_EQUALITY,0.85
805901,ANTI_EQUALITY,0.9,income,us,ANTI_EQUALITY,0.7,ANTI_EQUALITY,0.88
808654,NEUTRAL,0.9,wealth,in,NEUTRAL,1.0,NEUTRAL,0.72
68709,ANTI_EQUALITY,0.9,wealth,ie,ANTI_EQUALITY,0.9,ANTI_EQUALITY,0.8
112807,NEUTRAL,0.9,income,ie,NEUTRAL,1.0,NEUTRAL,0.82
358177,NEUTRAL,0.9,wealth,us,NEUTRAL,1.0,NEUTRAL,0.75
439900,NEUTRAL,0.9,wealth,us,NEUTRAL,1.0,NEUTRAL,0.78
216461,NEUTRAL,0.9,income,pk,PRO_EQUALITY,0.8,NEUTRAL,0.8
151186,PRO_EQUALITY,1.0,gender,ng,PRO_EQUALITY,1.0,PRO_EQUALITY,0.95
81982,PRO_EQUALITY,1.0,income,in,PRO_EQUALITY,1.0,PRO_EQUALITY,0.9
392522,PRO_EQUALITY,1.0,gender,ng,PRO_EQUALITY,1.0,PRO_EQUALITY,0.92
320621,PRO_EQUALITY,1.0,gender,bd,PRO_EQUALITY,1.0,PRO_EQUALITY,0.88
811929,PRO_EQUALITY,1.0,wealth,za,ANTI_EQUALITY,1.0,PRO_EQUALITY,0.85
862509,PRO_EQUALITY,1.0,gender,us,PRO_EQUALITY,1.0,PRO_EQUALITY,0.9
613276,PRO_EQUALITY,1.0,health,us,NEUTRAL,0.8,PRO_EQUALITY,0.93
200401,ANTI_EQUALITY,0.9,gender,gb,PRO_EQUALITY,1.0,PRO_EQUALITY,0.92
107689,PRO_EQUALITY,1.0,gender,ng,PRO_EQUALITY,1.0,PRO_EQUALITY,0.88
579265,ANTI_EQUALITY,0.9,income,ca,NEUTRAL,0.5,PRO_EQUALITY,0.87
76674,NEUTRAL,0.9,income,us,PRO_EQUALITY,0.8,NEUTRAL,0.8
225932,NEUTRAL,0.9,gender,gb,PRO_EQUALITY,0.6,NEUTRAL,0.75
496604,NEUTRAL,0.9,income,in,NEUTRAL,0.9,NEUTRAL,0.85
403151,ANTI_EQUALITY,0.9,gender,ke,ANTI_EQUALITY,0.7,NEUTRAL,0.7
813897,NEUTRAL,0.9,health,in,NEUTRAL,0.8,PRO_EQUALITY,0.82
515465,PRO_EQUALITY,1.0,income,us,PRO_EQUALITY,0.9,NEUTRAL,0.78
329313,PRO_EQUALITY,1.0,gender,us,PRO_EQUALITY,0.8,PRO_EQUALITY,0.91
204477,PRO_EQUALITY,1.0,wealth,us,PRO_EQUALITY,0.7,PRO_EQUALITY,0.88
837821,PRO_EQUALITY,1.0,income,in,PRO_EQUALITY,0.6,PRO_EQUALITY,0.86
186877,PRO_EQUALITY,1.0,income,sg,PRO_EQUALITY,0.8,PRO_EQUALITY,0.89
184976,PRO_EQUALITY,1.0,gender,ke,PRO_EQUALITY,1.0,PRO_EQUALITY,0.95
376974,PRO_EQUALITY,1.0,income,ca,PRO_EQUALITY,1.0,PRO_EQUALITY,0.92
116314,PRO_EQUALITY,1.0,income,au,PRO_EQUALITY,1.0,PRO_EQUALITY,0.9
361292,PRO_EQUALITY,1.0,gender,in,PRO_EQUALITY,1.0,NEUTRAL,0.85
775213,PRO_EQUALITY,1.0,income,in,PRO_EQUALITY,1.0,PRO_EQUALITY,0.93
8472,NEUTRAL,0.9,health,au,NEUTRAL,0.8,NEUTRAL,0.75
439540,ANTI_EQUALITY,0.9,income,sg,ANTI_EQUALITY,0.9,NEUTRAL,0.8
590897,NEUTRAL,0.9,wealth,in,NEUTRAL,0.7,NEUTRAL,0.88
61636,NEUTRAL,0.9,wealth,au,NEUTRAL,0.6,NEUTRAL,0.82
244233,NEUTRAL,0.9,income,us,NEUTRAL,0.5,PRO_EQUALITY,0.88
424602,PRO_EQUALITY,1.0,income,sg,PRO_EQUALITY,1.0,PRO_EQUALITY,0.94
712092,PRO_EQUALITY,1.0,income,au,PRO_EQUALITY,1.0,PRO_EQUALITY,0.92
796770,PRO_EQUALITY,1.0,gender,in,PRO_EQUALITY,1.0,PRO_EQUALITY,0.91
53080,ANTI_EQUALITY,0.95,gender,gb,ANTI_EQUALITY,0.8,ANTI_EQUALITY,0.88
118066,NEUTRAL,0.9,income,in,NEUTRAL,0.9,NEUTRAL,0.78
645986,NEUTRAL,0.9,gender,us,NEUTRAL,0.9,NEUTRAL,0.82
366529,NEUTRAL,0.9,income,ca,PRO_EQUALITY,0.9,PRO_EQUALITY,0.85
204244,ANTI_EQUALITY,0.9,gender,us,ANTI_EQUALITY,0.8,ANTI_EQUALITY,0.89
738452,NEUTRAL,0.9,wealth,us,PRO_EQUALITY,0.8,NEUTRAL,0.8
457700,NEUTRAL,0.9,wealth,in,NEUTRAL,0.5,NEUTRAL,0.78
149029,ANTI_EQUALITY,0.9,income,gb,ANTI_EQUALITY,0.8,ANTI_EQUALITY,0.95
812653,PRO_EQUALITY,1.0,education,ca,PRO_EQUALITY,0.9,PRO_EQUALITY,0.95
641990,PRO_EQUALITY,1.0,gender,ng,PRO_EQUALITY,0.8,PRO_EQUALITY,0.85
226559,PRO_EQUALITY,1.0,wealth,ie,PRO_EQUALITY,0.7,PRO_EQUALITY,0.9
566759,NEUTRAL,0.9,income,in,ANTI_EQUALITY,0.9,NEUTRAL,0.8
43212,PRO_EQUALITY,1.0,gender,ca,PRO_EQUALITY,0.8,PRO_EQUALITY,0.9
400374,NEUTRAL,0.9,income,us,PRO_EQUALITY,0.6,NEUTRAL,0.75
503008,NEUTRAL,0.9,income,us,PRO_EQUALITY,0.9,NEUTRAL,0.85
689998,PRO_EQUALITY,1.0,education,gb,PRO_EQUALITY,0.8,PRO_EQUALITY,0.9
800942,PRO_EQUALITY,1.0,income,us,NEUTRAL,0.5,PRO_EQUALITY,0.85
752226,PRO_EQUALITY,1.0,education,ng,PRO_EQUALITY,1.0,PRO_EQUALITY,0.9
315204,PRO_EQUALITY,1.0,wealth,lk,PRO_EQUALITY,1.0,PRO_EQUALITY,0.85
406598,NEUTRAL,0.9,gender,ca,NEUTRAL,0.8,NEUTRAL,0.8
63856,NEUTRAL,0.9,income,ie,ANTI_EQUALITY,0.9,NEUTRAL,0.75
413442,NEUTRAL,0.9,wealth,nz,NEUTRAL,0.6,NEUTRAL,0.75
621827,NEUTRAL,0.9,income,my,PRO_EQUALITY,0.9,NEUTRAL,0.8
159770,NEUTRAL,0.9,income,ca,NEUTRAL,0.7,NEUTRAL,0.75
170798,NEUTRAL,0.9,wealth,gb,PRO_EQUALITY,0.8,NEUTRAL,0.8
494449,NEUTRAL,0.9,income,us,PRO_EQUALITY,1.0,NEUTRAL,0.75
793296,NEUTRAL,0.9,income,us,NEUTRAL,0.5,NEUTRAL,0.5
805902,ANTI_EQUALITY,0.9,income,us,ANTI_EQUALITY,0.8,ANTI_EQUALITY,0.95
479543,ANTI_EQUALITY,0.9,gender,za,PRO_EQUALITY,0.9,PRO_EQUALITY,0.9
59262,NEUTRAL,0.9,wealth,us,PRO_EQUALITY,0.8,PRO_EQUALITY,0.85
450262,NEUTRAL,0.9,wealth,in,PRO_EQUALITY,0.7,NEUTRAL,0.88
420302,ANTI_EQUALITY,0.9,income,gb,ANTI_EQUALITY,0.9,ANTI_EQUALITY,0.92
728948,NEUTRAL,0.9,income,us,PRO_EQUALITY,0.8,NEUTRAL,0.9
515399,NEUTRAL,0.9,income,us,PRO_EQUALITY,0.7,PRO_EQUALITY,0.8
708718,PRO_EQUALITY,1.0,gender,pk,PRO_EQUALITY,0.6,PRO_EQUALITY,0.88
569505,PRO_EQUALITY,1.0,health,us,PRO_EQUALITY,0.8,PRO_EQUALITY,0.85
721573,PRO_EQUALITY,1.0,health,us,NEUTRAL,0.5,PRO_EQUALITY,0.82
282858,PRO_EQUALITY,1.0,wealth,us,PRO_EQUALITY,1.0,PRO_EQUALITY,0.85
425564,PRO_EQUALITY,1.0,wealth,us,PRO_EQUALITY,1.0,PRO_EQUALITY,0.78
150449,NEUTRAL,0.9,wealth,in,NEUTRAL,0.8,NEUTRAL,0.85
110395,ANTI_EQUALITY,0.95,gender,za,ANTI_EQUALITY,0.9,PRO_EQUALITY,0.88
564806,NEUTRAL,0.9,income,za,PRO_EQUALITY,0.9,PRO_EQUALITY,0.8
65694,NEUTRAL,0.9,income,us,PRO_EQUALITY,0.8,NEUTRAL,0.82
31018,NEUTRAL,0.9,income,ca,PRO_EQUALITY,0.9,PRO_EQUALITY,0.88
182797,NEUTRAL,0.9,income,ca,PRO_EQUALITY,1.0,PRO_EQUALITY,0.85
343712,PRO_EQUALITY,1.0,health,us,PRO_EQUALITY,1.0,PRO_EQUALITY,0.88
447992,PRO_EQUALITY,1.0,gender,ca,NEUTRAL,0.5,PRO_EQUALITY,0.85
367766,PRO_EQUALITY,1.0,gender,in,PRO_EQUALITY,1.0,PRO_EQUALITY,0.95
400781,PRO_EQUALITY,1.0,wealth,za,PRO_EQUALITY,1.0,PRO_EQUALITY,0.9
201247,PRO_EQUALITY,1.0,income,ie,NEUTRAL,0.8,PRO_EQUALITY,0.85
438273,PRO_EQUALITY,1.0,gender,ng,PRO_EQUALITY,1.0,PRO_EQUALITY,0.92
78969,PRO_EQUALITY,1.0,income,us,PRO_EQUALITY,0.9,PRO_EQUALITY,0.88
422828,PRO_EQUALITY,1.0,income,ng,PRO_EQUALITY,1.0,PRO_EQUALITY,0.93
600270,PRO_EQUALITY,1.0,gender,in,PRO_EQUALITY,1.0,PRO_EQUALITY,0.87
173844,PRO_EQUALITY,1.0,gender,nz,NEUTRAL,0.7,PRO_EQUALITY,0.8
797430,NEUTRAL,0.9,wealth,in,ANTI_EQUALITY,0.9,NEUTRAL,0.85
710042,ANTI_EQUALITY,0.9,wealth,us,NEUTRAL,0.5,ANTI_EQUALITY,0.82
105583,PRO_EQUALITY,1.0,gender,gb,PRO_EQUALITY,1.0,PRO_EQUALITY,0.91
168264,PRO_EQUALITY,1.0,income,us,PRO_EQUALITY,1.0,PRO_EQUALITY,0.92
143992,PRO_EQUALITY,1.0,income,lk,PRO_EQUALITY,1.0,PRO_EQUALITY,0.9
563404,PRO_EQUALITY,1.0,gender,us,PRO_EQUALITY,1.0,PRO_EQUALITY,0.89
208928,PRO_EQUALITY,1.0,health,ng,PRO_EQUALITY,1.0,PRO_EQUALITY,0.88
548259,PRO_EQUALITY,1.0,gender,ng,NEUTRAL,0.8,PRO_EQUALITY,0.86
488919,PRO_EQUALITY,1.0,gender,gb,PRO_EQUALITY,1.0,PRO_EQUALITY,0.89
866269,NEUTRAL,0.9,gender,gb,PRO_EQUALITY,1.0,NEUTRAL,0.78
61933,NEUTRAL,0.9,wealth,ca,PRO_EQUALITY,1.0,PRO_EQUALITY,0.87
349193,NEUTRAL,0.9,income,us,NEUTRAL,0.5,NEUTRAL,0.75
33748,NEUTRAL,0.9,income,ca,PRO_EQUALITY,1.0,PRO_EQUALITY,0.75
59767,ANTI_EQUALITY,0.9,gender,au,ANTI_EQUALITY,1.0,ANTI_EQUALITY,0.95
456300,NEUTRAL,0.9,gender,gb,NEUTRAL,1.0,NEUTRAL,0.7
839765,NEUTRAL,0.9,education,ph,PRO_EQUALITY,1.0,PRO_EQUALITY,0.8
167617,NEUTRAL,0.9,gender,ph,NEUTRAL,1.0,NEUTRAL,0.85
393060,ANTI_EQUALITY,0.9,income,nz,PRO_EQUALITY,0.8,NEUTRAL,0.72
581014,NEUTRAL,0.9,health,in,NEUTRAL,1.0,NEUTRAL,0.8
288673,NEUTRAL,0.9,income,ph,PRO_EQUALITY,1.0,NEUTRAL,0.75
27820,PRO_EQUALITY,1.0,gender,us,PRO_EQUALITY,1.0,PRO_EQUALITY,0.9
630302,PRO_EQUALITY,1.0,income,ie,NEUTRAL,0.5,PRO_EQUALITY,0.85
509402,PRO_EQUALITY,1.0,gender,us,PRO_EQUALITY,1.0,PRO_EQUALITY,0.82
252235,PRO_EQUALITY,1.0,wealth,us,PRO_EQUALITY,1.0,PRO_EQUALITY,0.78
56882,PRO_EQUALITY,1.0,gender,gh,PRO_EQUALITY,1.0,PRO_EQUALITY,0.88
201007,ANTI_EQUALITY,0.9,gender,ie,ANTI_EQUALITY,1.0,ANTI_EQUALITY,0.85
306961,NEUTRAL,0.9,income,gb,PRO_EQUALITY,1.0,NEUTRAL,0.68
262925,PRO_EQUALITY,1.0,health,us,PRO_EQUALITY,1.0,PRO_EQUALITY,0.8
152103,PRO_EQUALITY,1.0,income,pk,PRO_EQUALITY,1.0,PRO_EQUALITY,0.88
175301,PRO_EQUALITY,1.0,gender,us,PRO_EQUALITY,1.0,PRO_EQUALITY,0.82
506965,NEUTRAL,0.9,gender,ng,PRO_EQUALITY,1.0,PRO_EQUALITY,0.8
236911,NEUTRAL,0.9,income,us,NEUTRAL,0.5,NEUTRAL,0.75
851410,NEUTRAL,0.9,income,ca,PRO_EQUALITY,1.0,PRO_EQUALITY,0.92
306256,NEUTRAL,0.9,wealth,au,PRO_EQUALITY,1.0,PRO_EQUALITY,0.9
458434,NEUTRAL,0.9,gender,lk,PRO_EQUALITY,1.0,PRO_EQUALITY,0.88
275635,ANTI_EQUALITY,0.9,education,bd,ANTI_EQUALITY,1.0,PRO_EQUALITY,0.95
219717,NEUTRAL,0.9,income,gb,NEUTRAL,0.8,NEUTRAL,0.85
717895,PRO_EQUALITY,1.0,gender,ng,PRO_EQUALITY,1.0,PRO_EQUALITY,0.93
677727,PRO_EQUALITY,1.0,wealth,us,PRO_EQUALITY,1.0,PRO_EQUALITY,0.89
749839,PRO_EQUALITY,1.0,health,in,PRO_EQUALITY,1.0,PRO_EQUALITY,0.94
794418,PRO_EQUALITY,1.0,gender,za,PRO_EQUALITY,1.0,PRO_EQUALITY,0.91
656051,PRO_EQUALITY,1.0,health,us,NEUTRAL,0.5,PRO_EQUALITY,0.92
459613,NEUTRAL,0.9,income,nz,NEUTRAL,0.8,NEUTRAL,0.8
16468,PRO_EQUALITY,1.0,wealth,in,PRO_EQUALITY,0.9,PRO_EQUALITY,0.87
17135,PRO_EQUALITY,1.0,wealth,us,PRO_EQUALITY,0.8,PRO_EQUALITY,0.9
634382,ANTI_EQUALITY,0.9,gender,us,ANTI_EQUALITY,0.9,ANTI_EQUALITY,0.93
295646,NEUTRAL,0.9,income,nz,PRO_EQUALITY,0.7,PRO_EQUALITY,0.86
400351,PRO_EQUALITY,1.0,gender,us,PRO_EQUALITY,0.9,PRO_EQUALITY,0.94
209156,PRO_EQUALITY,1.0,income,nz,PRO_EQUALITY,0.8,PRO_EQUALITY,0.88
150950,NEUTRAL,0.9,wealth,my,NEUTRAL,0.6,NEUTRAL,0.82
677384,NEUTRAL,0.9,gender,us,PRO_EQUALITY,0.8,PRO_EQUALITY,0.91
251220,PRO_EQUALITY,1.0,gender,tz,NEUTRAL,0.5,NEUTRAL,0.5
724075,PRO_EQUALITY,1.0,income,gb,PRO_EQUALITY,0.9,PRO_EQUALITY,0.95
105431,ANTI_EQUALITY,0.9,wealth,gb,ANTI_EQUALITY,0.8,ANTI_EQUALITY,0.85
265362,NEUTRAL,0.9,income,za,PRO_EQUALITY,0.9,NEUTRAL,0.9
312457,ANTI_EQUALITY,0.9,income,us,ANTI_EQUALITY,0.7,PRO_EQUALITY,0.88
422225,NEUTRAL,0.9,wealth,my,NEUTRAL,0.5,NEUTRAL,0.92
772456,NEUTRAL,0.9,gender,us,PRO_EQUALITY,0.8,NEUTRAL,0.95
424553,NEUTRAL,0.9,wealth,sg,PRO_EQUALITY,0.9,NEUTRAL,0.88
352973,NEUTRAL,0.9,wealth,za,PRO_EQUALITY,0.8,NEUTRAL,0.85
628301,PRO_EQUALITY,1.0,income,gb,PRO_EQUALITY,0.9,PRO_EQUALITY,0.93
42479,NEUTRAL,0.9,gender,ng,NEUTRAL,0.5,NEUTRAL,0.8
16913,NEUTRAL,0.9,income,us,PRO_EQUALITY,0.8,NEUTRAL,0.82
9112,NEUTRAL,0.9,income,us,ANTI_EQUALITY,0.7,NEUTRAL,0.75
851028,NEUTRAL,0.9,income,bd,NEUTRAL,0.9,NEUTRAL,0.88
332680,NEUTRAL,0.9,wealth,ie,PRO_EQUALITY,0.9,PRO_EQUALITY,0.82
222953,NEUTRAL,0.9,wealth,nz,PRO_EQUALITY,0.8,NEUTRAL,0.85
772812,NEUTRAL,0.9,income,us,NEUTRAL,0.6,NEUTRAL,0.88
47674,NEUTRAL,0.9,income,ca,PRO_EQUALITY,0.7,NEUTRAL,0.92
817628,ANTI_EQUALITY,0.9,gender,us,PRO_EQUALITY,0.9,NEUTRAL,0.78
130617,NEUTRAL,0.9,income,gb,PRO_EQUALITY,0.8,NEUTRAL,0.85
138528,PRO_EQUALITY,1.0,gender,ng,PRO_EQUALITY,0.9,PRO_EQUALITY,0.9
213061,NEUTRAL,0.9,income,gb,PRO_EQUALITY,1.0,NEUTRAL,0.85
195077,ANTI_EQUALITY,0.95,gender,gb,ANTI_EQUALITY,1.0,ANTI_EQUALITY,0.9
66329,NEUTRAL,0.9,income,ca,PRO_EQUALITY,1.0,NEUTRAL,0.8
387719,PRO_EQUALITY,1.0,income,au,PRO_EQUALITY,1.0,PRO_EQUALITY,0.95
823330,PRO_EQUALITY,1.0,gender,ng,NEUTRAL,0.8,PRO_EQUALITY,0.9
13608,NEUTRAL,0.9,income,sg,PRO_EQUALITY,1.0,NEUTRAL,0.75
89804,PRO_EQUALITY,1.0,gender,gb,PRO_EQUALITY,1.0,PRO_EQUALITY,0.85
314531,PRO_EQUALITY,1.0,gender,ie,NEUTRAL,0.8,PRO_EQUALITY,0.9
720354,PRO_EQUALITY,1.0,income,us,PRO_EQUALITY,1.0,PRO_EQUALITY,0.85
653198,PRO_EQUALITY,1.0,gender,nz,PRO_EQUALITY,1.0,PRO_EQUALITY,0.9
757484,PRO_EQUALITY,1.0,gender,my,PRO_EQUALITY,1.0,PRO_EQUALITY,0.88
137091,NEUTRAL,0.9,wealth,in,PRO_EQUALITY,1.0,NEUTRAL,0.8
840610,PRO_EQUALITY,1.0,gender,us,PRO_EQUALITY,1.0,PRO_EQUALITY,0.85
315835,ANTI_EQUALITY,0.9,income,pk,PRO_EQUALITY,1.0,NEUTRAL,0.7
832829,NEUTRAL,0.9,wealth,sg,NEUTRAL,0.8,NEUTRAL,0.75
652781,PRO_EQUALITY,1.0,gender,ng,PRO_EQUALITY,1.0,PRO_EQUALITY,0.9
804111,PRO_EQUALITY,1.0,income,in,PRO_EQUALITY,1.0,PRO_EQUALITY,0.85
808847,PRO_EQUALITY,1.0,wealth,in,PRO_EQUALITY,1.0,NEUTRAL,0.75
641459,PRO_EQUALITY,1.0,income,my,PRO_EQUALITY,1.0,PRO_EQUALITY,0.85
172394,PRO_EQUALITY,1.0,gender,ke,NEUTRAL,0.5,PRO_EQUALITY,0.88
465841,NEUTRAL,0.9,wealth,in,PRO_EQUALITY,0.8,NEUTRAL,0.85
808626,NEUTRAL,0.9,income,in,PRO_EQUALITY,0.9,PRO_EQUALITY,0.75
658796,NEUTRAL,0.9,health,ca,NEUTRAL,0.6,PRO_EQUALITY,0.72
82652,ANTI_EQUALITY,0.9,income,us,ANTI_EQUALITY,0.7,ANTI_EQUALITY,0.8
276429,NEUTRAL,0.9,income,gb,PRO_EQUALITY,0.8,PRO_EQUALITY,0.78
17724,NEUTRAL,0.9,wealth,in,NEUTRAL,0.5,NEUTRAL,0.8
769941,PRO_EQUALITY,1.0,health,my,PRO_EQUALITY,0.9,PRO_EQUALITY,0.82
838292,PRO_EQUALITY,1.0,income,lk,PRO_EQUALITY,0.8,PRO_EQUALITY,0.7
436471,PRO_EQUALITY,1.0,income,ie,PRO_EQUALITY,0.7,PRO_EQUALITY,0.8
604376,PRO_EQUALITY,1.0,health,us,NEUTRAL,0.5,PRO_EQUALITY,0.75
797769,PRO_EQUALITY,1.0,gender,lk,PRO_EQUALITY,1.0,PRO_EQUALITY,0.85
68970,PRO_EQUALITY,1.0,gender,my,PRO_EQUALITY,1.0,PRO_EQUALITY,0.83
474360,PRO_EQUALITY,1.0,income,ie,PRO_EQUALITY,1.0,PRO_EQUALITY,0.82
174826,PRO_EQUALITY,1.0,education,pk,PRO_EQUALITY,1.0,PRO_EQUALITY,0.8
571748,PRO_EQUALITY,1.0,wealth,za,PRO_EQUALITY,1.0,PRO_EQUALITY,0.78
734414,PRO_EQUALITY,1.0,income,jm,PRO_EQUALITY,1.0,NEUTRAL,0.75
547293,ANTI_EQUALITY,0.95,gender,in,ANTI_EQUALITY,1.0,ANTI_EQUALITY,0.82
528616,ANTI_EQUALITY,0.9,income,us,ANTI_EQUALITY,1.0,ANTI_EQUALITY,0.75
157248,ANTI_EQUALITY,0.9,gender,ng,PRO_EQUALITY,1.0,ANTI_EQUALITY,0.85
847964,PRO_EQUALITY,1.0,gender,pk,NEUTRAL,0.5,PRO_EQUALITY,0.82
393475,PRO_EQUALITY,1.0,gender,pk,PRO_EQUALITY,1.0,PRO_EQUALITY,0.98
421179,PRO_EQUALITY,1.0,gender,in,PRO_EQUALITY,1.0,PRO_EQUALITY,0.95
865602,PRO_EQUALITY,1.0,gender,gb,PRO_EQUALITY,0.8,PRO_EQUALITY,0.92
261174,PRO_EQUALITY,1.0,education,tz,PRO_EQUALITY,1.0,PRO_EQUALITY,0.96
305309,PRO_EQUALITY,1.0,income,us,PRO_EQUALITY,1.0,PRO_EQUALITY,0.94
643105,PRO_EQUALITY,1.0,gender,us,PRO_EQUALITY,1.0,PRO_EQUALITY,0.97
243067,PRO_EQUALITY,1.0,wealth,pk,PRO_EQUALITY,1.0,PRO_EQUALITY,0.97
387744,PRO_EQUALITY,1.0,gender,au,PRO_EQUALITY,1.0,PRO_EQUALITY,0.96
117119,PRO_EQUALITY,1.0,gender,gb,ANTI_EQUALITY,0.9,PRO_EQUALITY,0.95
774533,ANTI_EQUALITY,0.9,gender,gb,NEUTRAL,0.5,ANTI_EQUALITY,0.98
318023,ANTI_EQUALITY,0.9,gender,us,ANTI_EQUALITY,0.8,ANTI_EQUALITY,0.87
10038,ANTI_EQUALITY,0.9,gender,us,ANTI_EQUALITY,0.9,ANTI_EQUALITY,0.78
293768,ANTI_EQUALITY,0.9,wealth,gb,PRO_EQUALITY,0.9,PRO_EQUALITY,0.72
577192,PRO_EQUALITY,1.0,income,us,PRO_EQUALITY,0.8,PRO_EQUALITY,0.89
195712,ANTI_EQUALITY,0.9,income,ie,ANTI_EQUALITY,0.8,NEUTRAL,0.65
630743,PRO_EQUALITY,1.0,gender,in,PRO_EQUALITY,0.9,ANTI_EQUALITY,0.82
132846,ANTI_EQUALITY,0.9,income,nz,ANTI_EQUALITY,0.8,PRO_EQUALITY,0.93
30893,PRO_EQUALITY,1.0,income,au,PRO_EQUALITY,0.8,PRO_EQUALITY,0.81
103851,PRO_EQUALITY,1.0,wealth,au,PRO_EQUALITY,0.9,PRO_EQUALITY,0.75
535289,PRO_EQUALITY,1.0,income,us,PRO_EQUALITY,0.8,NEUTRAL,0.5
529697,PRO_EQUALITY,1.0,income,us,PRO_EQUALITY,1.0,PRO_EQUALITY,0.95
351655,PRO_EQUALITY,1.0,gender,us,PRO_EQUALITY,1.0,PRO_EQUALITY,0.92
322454,PRO_EQUALITY,1.0,gender,ie,PRO_EQUALITY,1.0,PRO_EQUALITY,0.93
160636,PRO_EQUALITY,1.0,income,gb,PRO_EQUALITY,1.0,PRO_EQUALITY,0.9
472465,PRO_EQUALITY,1.0,income,bd,PRO_EQUALITY,1.0,PRO_EQUALITY,0.88
647155,PRO_EQUALITY,1.0,gender,au,PRO_EQUALITY,1.0,PRO_EQUALITY,0.91
87049,PRO_EQUALITY,1.0,gender,pk,NEUTRAL,0.8,PRO_EQUALITY,0.93
499569,PRO_EQUALITY,1.0,education,ca,PRO_EQUALITY,0.9,PRO_EQUALITY,0.89
532491,PRO_EQUALITY,1.0,wealth,gh,PRO_EQUALITY,1.0,PRO_EQUALITY,0.87
818079,PRO_EQUALITY,1.0,gender,us,NEUTRAL,0.5,PRO_EQUALITY,0.85
252939,PRO_EQUALITY,1.0,health,us,PRO_EQUALITY,1.0,PRO_EQUALITY,0.9
560825,PRO_EQUALITY,1.0,income,us,PRO_EQUALITY,1.0,PRO_EQUALITY,0.94
843016,PRO_EQUALITY,1.0,gender,gb,PRO_EQUALITY,1.0,NEUTRAL,0.75
455151,PRO_EQUALITY,1.0,gender,au,PRO_EQUALITY,1.0,PRO_EQUALITY,0.86
38576,ANTI_EQUALITY,0.9,gender,us,ANTI_EQUALITY,0.8,NEUTRAL,0.7
13900,PRO_EQUALITY,1.0,wealth,us,PRO_EQUALITY,1.0,PRO_EQUALITY,0.96
547121,PRO_EQUALITY,1.0,gender,in,PRO_EQUALITY,1.0,PRO_EQUALITY,0.94
451318,ANTI_EQUALITY,0.9,wealth,my,PRO_EQUALITY,1.0,ANTI_EQUALITY,0.72
144562,PRO_EQUALITY,1.0,gender,ng,PRO_EQUALITY,1.0,PRO_EQUALITY,0.93
304895,PRO_EQUALITY,1.0,wealth,us,NEUTRAL,0.5,PRO_EQUALITY,0.91
644428,PRO_EQUALITY,1.0,health,us,PRO_EQUALITY,1.0,PRO_EQUALITY,0.95
664287,PRO_EQUALITY,1.0,gender,nz,PRO_EQUALITY,1.0,PRO_EQUALITY,0.95
30393,PRO_EQUALITY,1.0,wealth,us,PRO_EQUALITY,1.0,PRO_EQUALITY,0.92
164525,ANTI_EQUALITY,0.9,gender,us,PRO_EQUALITY,1.0,PRO_EQUALITY,0.88
253184,ANTI_EQUALITY,0.9,wealth,us,ANTI_EQUALITY,0.8,ANTI_EQUALITY,0.85
4610,ANTI_EQUALITY,0.9,income,us,PRO_EQUALITY,1.0,ANTI_EQUALITY,0.8
144488,PRO_EQUALITY,1.0,gender,ng,PRO_EQUALITY,1.0,PRO_EQUALITY,0.9
303110,PRO_EQUALITY,1.0,health,us,NEUTRAL,0.6,PRO_EQUALITY,0.93
37224,PRO_EQUALITY,1.0,gender,us,PRO_EQUALITY,1.0,PRO_EQUALITY,0.87
856113,PRO_EQUALITY,1.0,health,in,NEUTRAL,0.5,PRO_EQUALITY,0.85
464670,PRO_EQUALITY,1.0,gender,gh,PRO_EQUALITY,1.0,PRO_EQUALITY,0.88
560569,PRO_EQUALITY,1.0,gender,pk,PRO_EQUALITY,1.0,PRO_EQUALITY,0.93
600555,PRO_EQUALITY,1.0,gender,in,NEUTRAL,0.8,PRO_EQUALITY,0.9
90304,PRO_EQUALITY,1.0,income,ke,PRO_EQUALITY,1.0,PRO_EQUALITY,0.92
253182,PRO_EQUALITY,1.0,wealth,us,PRO_EQUALITY,0.9,PRO_EQUALITY,0.82
79712,PRO_EQUALITY,1.0,health,ca,PRO_EQUALITY,1.0,PRO_EQUALITY,0.9
413131,PRO_EQUALITY,1.0,gender,ng,PRO_EQUALITY,1.0,PRO_EQUALITY,0.92
456059,PRO_EQUALITY,1.0,gender,gb,PRO_EQUALITY,1.0,PRO_EQUALITY,0.9
616141,PRO_EQUALITY,1.0,gender,za,PRO_EQUALITY,1.0,PRO_EQUALITY,0.93
199328,PRO_EQUALITY,1.0,health,au,NEUTRAL,0.5,PRO_EQUALITY,0.91
557876,PRO_EQUALITY,1.0,income,ca,PRO_EQUALITY,1.0,PRO_EQUALITY,0.95
333721,PRO_EQUALITY,1.0,gender,ng,PRO_EQUALITY,1.0,PRO_EQUALITY,0.92
291900,PRO_EQUALITY,1.0,wealth,us,PRO_EQUALITY,0.8,PRO_EQUALITY,0.88
58413,PRO_EQUALITY,1.0,income,ca,PRO_EQUALITY,1.0,PRO_EQUALITY,0.9
545291,PRO_EQUALITY,1.0,income,gb,PRO_EQUALITY,1.0,PRO_EQUALITY,0.85
42029,ANTI_EQUALITY,0.9,income,ca,ANTI_EQUALITY,0.9,ANTI_EQUALITY,0.88
352270,PRO_EQUALITY,1.0,income,us,PRO_EQUALITY,1.0,PRO_EQUALITY,0.93
52293,PRO_EQUALITY,1.0,income,us,PRO_EQUALITY,1.0,PRO_EQUALITY,0.82
97987,PRO_EQUALITY,1.0,income,ie,PRO_EQUALITY,1.0,PRO_EQUALITY,0.9
665927,PRO_EQUALITY,1.0,gender,us,NEUTRAL,0.5,PRO_EQUALITY,0.89
114362,PRO_EQUALITY,1.0,gender,pk,PRO_EQUALITY,1.0,PRO_EQUALITY,0.87
371237,PRO_EQUALITY,1.0,education,us,PRO_EQUALITY,1.0,PRO_EQUALITY,0.85
104362,PRO_EQUALITY,1.0,gender,ca,PRO_EQUALITY,1.0,PRO_EQUALITY,0.91
644155,PRO_EQUALITY,1.0,income,us,PRO_EQUALITY,1.0,PRO_EQUALITY,0.86
137082,PRO_EQUALITY,1.0,income,in,PRO_EQUALITY,1.0,PRO_EQUALITY,0.84
283307,ANTI_EQUALITY,0.9,income,us,ANTI_EQUALITY,1.0,ANTI_EQUALITY,0.92
108075,PRO_EQUALITY,1.0,gender,nz,PRO_EQUALITY,1.0,PRO_EQUALITY,0.91
81316,PRO_EQUALITY,1.0,income,au,PRO_EQUALITY,1.0,PRO_EQUALITY,0.89
185357,PRO_EQUALITY,1.0,wealth,my,PRO_EQUALITY,1.0,PRO_EQUALITY,0.87
98795,PRO_EQUALITY,1.0,wealth,ng,NEUTRAL,0.5,PRO_EQUALITY,0.9
762621,ANTI_EQUALITY,0.9,income,gb,ANTI_EQUALITY,0.8,ANTI_EQUALITY,0.92
790856,PRO_EQUALITY,1.0,gender,in,PRO_EQUALITY,0.9,PRO_EQUALITY,0.95
139963,ANTI_EQUALITY,0.9,gender,us,NEUTRAL,0.5,PRO_EQUALITY,0.88
283303,ANTI_EQUALITY,0.9,income,us,PRO_EQUALITY,0.8,ANTI_EQUALITY,0.9
379188,ANTI_EQUALITY,0.9,wealth,in,ANTI_EQUALITY,0.7,NEUTRAL,0.75
208689,ANTI_EQUALITY,0.9,gender,ng,ANTI_EQUALITY,0.9,ANTI_EQUALITY,0.87
484193,PRO_EQUALITY,1.0,education,ng,PRO_EQUALITY,0.8,PRO_EQUALITY,0.93
68660,ANTI_EQUALITY,0.9,wealth,hk,PRO_EQUALITY,0.9,ANTI_EQUALITY,0.85
603865,PRO_EQUALITY,1.0,gender,us,NEUTRAL,0.6,PRO_EQUALITY,0.92
768930,PRO_EQUALITY,1.0,gender,in,PRO_EQUALITY,0.8,PRO_EQUALITY,0.94
651330,PRO_EQUALITY,1.0,income,in,PRO_EQUALITY,1.0,PRO_EQUALITY,0.91
492301,PRO_EQUALITY,1.0,wealth,ng,PRO_EQUALITY,1.0,PRO_EQUALITY,0.89
519235,PRO_EQUALITY,1.0,income,ie,PRO_EQUALITY,1.0,PRO_EQUALITY,0.86
157524,PRO_EQUALITY,1.0,income,nz,PRO_EQUALITY,1.0,PRO_EQUALITY,0.9
129850,PRO_EQUALITY,1.0,wealth,au,PRO_EQUALITY,1.0,PRO_EQUALITY,0.84
110391,PRO_EQUALITY,1.0,income,za,PRO_EQUALITY,1.0,PRO_EQUALITY,0.88
243745,PRO_EQUALITY,1.0,health,us,PRO_EQUALITY,1.0,PRO_EQUALITY,0.91
388260,PRO_EQUALITY,1.0,gender,ca,NEUTRAL,0.8,PRO_EQUALITY,0.87
147709,ANTI_EQUALITY,0.9,gender,au,ANTI_EQUALITY,0.9,ANTI_EQUALITY,0.89
52774,ANTI_EQUALITY,0.9,income,ca,NEUTRAL,0.5,NEUTRAL,0.5
271855,ANTI_EQUALITY,0.9,wealth,us,ANTI_EQUALITY,0.8,PRO_EQUALITY,0.85
237940,PRO_EQUALITY,1.0,income,za,PRO_EQUALITY,0.9,NEUTRAL,0.75
217405,PRO_EQUALITY,1.0,wealth,us,PRO_EQUALITY,0.8,PRO_EQUALITY,0.8
174437,ANTI_EQUALITY,0.95,income,pk,ANTI_EQUALITY,0.9,ANTI_EQUALITY,0.95
180306,PRO_EQUALITY,1.0,income,nz,PRO_EQUALITY,0.8,PRO_EQUALITY,0.9
447387,PRO_EQUALITY,1.0,gender,au,PRO_EQUALITY,0.7,PRO_EQUALITY,0.88
132811,ANTI_EQUALITY,0.9,gender,nz,PRO_EQUALITY,0.8,ANTI_EQUALITY,0.82
699203,ANTI_EQUALITY,0.9,income,in,PRO_EQUALITY,0.7,PRO_EQUALITY,0.78
366764,PRO_EQUALITY,1.0,income,ca,NEUTRAL,0.5,PRO_EQUALITY,0.85
455194,PRO_EQUALITY,1.0,gender,au,NEUTRAL,0.5,PRO_EQUALITY,0.8
505659,PRO_EQUALITY,1.0,gender,ie,PRO_EQUALITY,1.0,PRO_EQUALITY,0.82
342310,PRO_EQUALITY,1.0,income,us,PRO_EQUALITY,1.0,NEUTRAL,0.7
434448,PRO_EQUALITY,1.0,income,au,PRO_EQUALITY,1.0,PRO_EQUALITY,0.83
540142,PRO_EQUALITY,1.0,gender,in,PRO_EQUALITY,1.0,PRO_EQUALITY,0.75
841069,PRO_EQUALITY,1.0,wealth,us,PRO_EQUALITY,1.0,PRO_EQUALITY,0.87
197384,PRO_EQUALITY,1.0,income,nz,NEUTRAL,0.8,NEUTRAL,0.65
853009,PRO_EQUALITY,1.0,health,gb,PRO_EQUALITY,1.0,PRO_EQUALITY,0.82
535818,PRO_EQUALITY,1.0,gender,us,PRO_EQUALITY,1.0,PRO_EQUALITY,0.83
8265,PRO_EQUALITY,1.0,gender,us,NEUTRAL,0.9,PRO_EQUALITY,0.81
350603,NEUTRAL,1.0,income,us,NEUTRAL,0.5,NEUTRAL,0.9
585886,PRO_EQUALITY,1.0,health,us,PRO_EQUALITY,1.0,PRO_EQUALITY,0.99
641711,PRO_EQUALITY,1.0,gender,ng,PRO_EQUALITY,1.0,PRO_EQUALITY,0.98
605463,PRO_EQUALITY,1.0,income,us,PRO_EQUALITY,1.0,PRO_EQUALITY,0.98
503034,PRO_EQUALITY,1.0,wealth,us,PRO_EQUALITY,1.0,PRO_EQUALITY,0.99
24176,PRO_EQUALITY,1.0,gender,us,PRO_EQUALITY,1.0,PRO_EQUALITY,0.98
107598,PRO_EQUALITY,1.0,income,ng,PRO_EQUALITY,1.0,PRO_EQUALITY,0.99
520287,PRO_EQUALITY,1.0,wealth,my,PRO_EQUALITY,1.0,PRO_EQUALITY,0.97
316625,PRO_EQUALITY,1.0,health,us,PRO_EQUALITY,1.0,PRO_EQUALITY,0.99
789057,ANTI_EQUALITY,0.9,income,au,ANTI_EQUALITY,1.0,ANTI_EQUALITY,0.92
147635,ANTI_EQUALITY,0.9,gender,au,NEUTRAL,0.5,NEUTRAL,0.75
316216,PRO_EQUALITY,1.0,health,us,PRO_EQUALITY,1.0,PRO_EQUALITY,0.99
423969,PRO_EQUALITY,1.0,gender,pk,PRO_EQUALITY,1.0,PRO_EQUALITY,0.96
541480,PRO_EQUALITY,1.0,gender,pk,NEUTRAL,0.8,PRO_EQUALITY,0.97
74543,PRO_EQUALITY,1.0,gender,in,PRO_EQUALITY,1.0,PRO_EQUALITY,0.99
665013,PRO_EQUALITY,1.0,gender,sg,PRO_EQUALITY,1.0,PRO_EQUALITY,0.96
344023,PRO_EQUALITY,1.0,health,us,PRO_EQUALITY,1.0,PRO_EQUALITY,0.98
630083,PRO_EQUALITY,1.0,education,gb,PRO_EQUALITY,1.0,PRO_EQUALITY,0.99
164912,PRO_EQUALITY,1.0,income,za,PRO_EQUALITY,1.0,PRO_EQUALITY,0.98
600032,PRO_EQUALITY,1.0,gender,in,PRO_EQUALITY,1.0,PRO_EQUALITY,0.98
130220,PRO_EQUALITY,1.0,wealth,ca,NEUTRAL,0.5,ANTI_EQUALITY,0.78
349062,PRO_EQUALITY,1.0,gender,us,PRO_EQUALITY,1.0,PRO_EQUALITY,0.95
702548,PRO_EQUALITY,1.0,income,us,PRO_EQUALITY,1.0,PRO_EQUALITY,0.85
420887,PRO_EQUALITY,1.0,gender,in,PRO_EQUALITY,1.0,PRO_EQUALITY,0.9
448321,PRO_EQUALITY,1.0,health,gb,PRO_EQUALITY,1.0,PRO_EQUALITY,0.92
454233,PRO_EQUALITY,1.0,income,us,PRO_EQUALITY,1.0,PRO_EQUALITY,0.88
589034,ANTI_EQUALITY,0.9,wealth,gb,ANTI_EQUALITY,0.8,PRO_EQUALITY,0.8
872966,PRO_EQUALITY,1.0,gender,pk,PRO_EQUALITY,1.0,PRO_EQUALITY,0.93
392655,PRO_EQUALITY,1.0,gender,ng,PRO_EQUALITY,1.0,PRO_EQUALITY,0.91
760226,PRO_EQUALITY,1.0,health,us,PRO_EQUALITY,1.0,PRO_EQUALITY,0.93
744912,PRO_EQUALITY,1.0,income,us,NEUTRAL,0.5,PRO_EQUALITY,0.89
487636,PRO_EQUALITY,1.0,income,bd,PRO_EQUALITY,1.0,PRO_EQUALITY,0.87
428105,PRO_EQUALITY,1.0,gender,gh,PRO_EQUALITY,1.0,PRO_EQUALITY,0.78
439675,PRO_EQUALITY,1.0,income,sg,PRO_EQUALITY,1.0,PRO_EQUALITY,0.94
862895,PRO_EQUALITY,1.0,income,us,NEUTRAL,0.8,PRO_EQUALITY,0.91
56679,PRO_EQUALITY,1.0,income,gb,PRO_EQUALITY,1.0,PRO_EQUALITY,0.86
201704,PRO_EQUALITY,1.0,health,in,PRO_EQUALITY,1.0,PRO_EQUALITY,0.88
688975,PRO_EQUALITY,1.0,wealth,gb,PRO_EQUALITY,0.9,PRO_EQUALITY,0.83
126413,ANTI_EQUALITY,0.9,income,gb,ANTI_EQUALITY,0.9,ANTI_EQUALITY,0.82
64055,ANTI_EQUALITY,0.9,gender,ng,ANTI_EQUALITY,1.0,PRO_EQUALITY,0.92
67178,PRO_EQUALITY,1.0,gender,ph,PRO_EQUALITY,1.0,NEUTRAL,0.5
108045,PRO_EQUALITY,1.0,gender,nz,PRO_EQUALITY,1.0,PRO_EQUALITY,0.95
435922,PRO_EQUALITY,1.0,education,gh,PRO_EQUALITY,1.0,PRO_EQUALITY,0.92
196646,ANTI_EQUALITY,0.9,income,my,ANTI_EQUALITY,1.0,PRO_EQUALITY,0.88
654984,ANTI_EQUALITY,0.9,income,us,ANTI_EQUALITY,0.8,ANTI_EQUALITY,0.75
498569,PRO_EQUALITY,1.0,gender,us,PRO_EQUALITY,1.0,PRO_EQUALITY,0.93
469283,ANTI_EQUALITY,0.95,gender,pk,ANTI_EQUALITY,1.0,ANTI_EQUALITY,0.85
504195,ANTI_EQUALITY,0.9,income,au,NEUTRAL,0.5,ANTI_EQUALITY,0.8
174438,ANTI_EQUALITY,0.95,income,pk,ANTI_EQUALITY,1.0,ANTI_EQUALITY,0.98
478484,ANTI_EQUALITY,0.9,gender,us,ANTI_EQUALITY,1.0,ANTI_EQUALITY,0.9
851441,ANTI_EQUALITY,0.9,gender,ca,ANTI_EQUALITY,1.0,PRO_EQUALITY,0.87
863581,ANTI_EQUALITY,0.9,gender,za,ANTI_EQUALITY,0.8,ANTI_EQUALITY,0.89
440840,ANTI_EQUALITY,0.9,income,za,PRO_EQUALITY,0.9,ANTI_EQUALITY,0.72
411538,PRO_EQUALITY,1.0,gender,gb,NEUTRAL,1.0,NEUTRAL,0.85
835206,PRO_EQUALITY,1.0,income,au,PRO_EQUALITY,0.8,PRO_EQUALITY,0.91
613599,PRO_EQUALITY,1.0,health,us,PRO_EQUALITY,0.9,PRO_EQUALITY,0.86
61329,PRO_EQUALITY,1.0,wealth,us,PRO_EQUALITY,0.8,PRO_EQUALITY,0.84
319371,PRO_EQUALITY,1.0,health,us,PRO_EQUALITY,0.7,PRO_EQUALITY,0.89
285032,PRO_EQUALITY,1.0,gender,ca,PRO_EQUALITY,0.9,PRO_EQUALITY,0.88
18089,PRO_EQUALITY,1.0,wealth,us,PRO_EQUALITY,0.8,PRO_EQUALITY,0.92
809380,PRO_EQUALITY,1.0,income,ng,PRO_EQUALITY,0.9,NEUTRAL,0.5
714738,PRO_EQUALITY,1.0,income,hk,PRO_EQUALITY,1.0,PRO_EQUALITY,0.95
110207,PRO_EQUALITY,1.0,gender,za,PRO_EQUALITY,1.0,PRO_EQUALITY,0.98
417180,PRO_EQUALITY,1.0,gender,ng,PRO_EQUALITY,1.0,PRO_EQUALITY,0.99
517432,PRO_EQUALITY,1.0,gender,au,PRO_EQUALITY,1.0,PRO_EQUALITY,0.97
872361,PRO_EQUALITY,1.0,income,nz,PRO_EQUALITY,1.0,PRO_EQUALITY,0.98
280565,PRO_EQUALITY,1.0,education,us,PRO_EQUALITY,1.0,PRO_EQUALITY,0.96
315262,PRO_EQUALITY,1.0,gender,my,NEUTRAL,0.8,PRO_EQUALITY,0.92
326301,ANTI_EQUALITY,0.9,gender,us,ANTI_EQUALITY,0.9,ANTI_EQUALITY,0.88
720077,PRO_EQUALITY,1.0,gender,us,PRO_EQUALITY,1.0,PRO_EQUALITY,0.97
552421,PRO_EQUALITY,1.0,gender,za,NEUTRAL,0.5,PRO_EQUALITY,0.96
428861,PRO_EQUALITY,1.0,gender,in,PRO_EQUALITY,1.0,NEUTRAL,0.7
507136,PRO_EQUALITY,1.0,gender,ng,PRO_EQUALITY,1.0,PRO_EQUALITY,0.94
657697,PRO_EQUALITY,1.0,gender,za,PRO_EQUALITY,1.0,PRO_EQUALITY,0.96
513693,PRO_EQUALITY,1.0,education,ng,PRO_EQUALITY,1.0,PRO_EQUALITY,0.95
393787,PRO_EQUALITY,1.0,income,sg,PRO_EQUALITY,1.0,PRO_EQUALITY,0.93
471019,ANTI_EQUALITY,0.9,gender,us,ANTI_EQUALITY,0.8,PRO_EQUALITY,0.94
393476,PRO_EQUALITY,1.0,income,pk,PRO_EQUALITY,1.0,PRO_EQUALITY,0.93
395738,ANTI_EQUALITY,0.9,income,au,ANTI_EQUALITY,0.9,ANTI_EQUALITY,0.85
418314,ANTI_EQUALITY,0.9,income,za,ANTI_EQUALITY,0.9,ANTI_EQUALITY,0.92
693282,ANTI_EQUALITY,0.9,income,us,NEUTRAL,0.5,ANTI_EQUALITY,0.88
272664,PRO_EQUALITY,1.0,health,us,PRO_EQUALITY,1.0,PRO_EQUALITY,0.95
436130,PRO_EQUALITY,1.0,gender,ie,PRO_EQUALITY,1.0,PRO_EQUALITY,0.92
645246,PRO_EQUALITY,1.0,gender,us,PRO_EQUALITY,1.0,PRO_EQUALITY,0.9
34401,ANTI_EQUALITY,0.9,income,us,ANTI_EQUALITY,0.8,ANTI_EQUALITY,0.88
281056,ANTI_EQUALITY,0.9,wealth,us,ANTI_EQUALITY,0.8,ANTI_EQUALITY,0.85
227988,PRO_EQUALITY,1.0,education,ng,PRO_EQUALITY,1.0,PRO_EQUALITY,0.93
320190,PRO_EQUALITY,1.0,income,au,PRO_EQUALITY,1.0,PRO_EQUALITY,0.94
869065,PRO_EQUALITY,1.0,wealth,in,PRO_EQUALITY,1.0,PRO_EQUALITY,0.91
453099,PRO_EQUALITY,1.0,income,pk,PRO_EQUALITY,1.0,PRO_EQUALITY,0.92
576943,PRO_EQUALITY,1.0,income,us,NEUTRAL,0.5,PRO_EQUALITY,0.89
160878,PRO_EQUALITY,1.0,health,gb,PRO_EQUALITY,1.0,PRO_EQUALITY,0.88
601911,PRO_EQUALITY,1.0,gender,nz,PRO_EQUALITY,1.0,PRO_EQUALITY,0.91
311920,PRO_EQUALITY,1.0,gender,us,PRO_EQUALITY,1.0,PRO_EQUALITY,0.87
248575,PRO_EQUALITY,1.0,education,gb,PRO_EQUALITY,1.0,PRO_EQUALITY,0.9
339503,PRO_EQUALITY,1.0,income,gb,PRO_EQUALITY,1.0,PRO_EQUALITY,0.89
435135,PRO_EQUALITY,1.0,gender,ca,PRO_EQUALITY,1.0,PRO_EQUALITY,0.88
409480,PRO_EQUALITY,1.0,gender,sg,PRO_EQUALITY,1.0,PRO_EQUALITY,0.91
464027,PRO_EQUALITY,1.0,income,gb,ANTI_EQUALITY,1.0,PRO_EQUALITY,0.9
239438,ANTI_EQUALITY,0.9,income,gb,ANTI_EQUALITY,1.0,ANTI_EQUALITY,0.92
279028,ANTI_EQUALITY,0.9,wealth,nz,NEUTRAL,0.5,PRO_EQUALITY,0.86
385214,PRO_EQUALITY,1.0,gender,my,PRO_EQUALITY,1.0,PRO_EQUALITY,0.95
767015,PRO_EQUALITY,1.0,health,us,PRO_EQUALITY,1.0,PRO_EQUALITY,0.9
105489,PRO_EQUALITY,1.0,income,gb,PRO_EQUALITY,1.0,PRO_EQUALITY,0.95
128668,ANTI_EQUALITY,0.9,income,us,ANTI_EQUALITY,1.0,ANTI_EQUALITY,0.85
88565,PRO_EQUALITY,1.0,gender,ph,PRO_EQUALITY,1.0,PRO_EQUALITY,0.95
468441,PRO_EQUALITY,1.0,gender,nz,PRO_EQUALITY,1.0,PRO_EQUALITY,0.9
399582,PRO_EQUALITY,1.0,gender,pk,PRO_EQUALITY,1.0,PRO_EQUALITY,0.85
498607,ANTI_EQUALITY,0.95,income,us,PRO_EQUALITY,1.0,ANTI_EQUALITY,0.9
18315,PRO_EQUALITY,1.0,wealth,us,PRO_EQUALITY,1.0,PRO_EQUALITY,0.9
66969,PRO_EQUALITY,1.0,gender,in,NEUTRAL,0.5,NEUTRAL,0.75
506003,PRO_EQUALITY,1.0,education,in,PRO_EQUALITY,0.9,PRO_EQUALITY,0.9
271987,PRO_EQUALITY,1.0,wealth,us,PRO_EQUALITY,0.9,PRO_EQUALITY,0.85
756788,PRO_EQUALITY,1.0,health,in,NEUTRAL,0.8,PRO_EQUALITY,0.75
180122,ANTI_EQUALITY,0.9,income,nz,ANTI_EQUALITY,0.9,ANTI_EQUALITY,0.8
9460,ANTI_EQUALITY,0.9,wealth,ca,ANTI_EQUALITY,0.9,ANTI_EQUALITY,0.85
530067,ANTI_EQUALITY,0.9,gender,us,ANTI_EQUALITY,0.9,ANTI_EQUALITY,0.95
382025,ANTI_EQUALITY,0.9,income,za,NEUTRAL,0.8,ANTI_EQUALITY,0.8
535089,NEUTRAL,1.0,income,sg,PRO_EQUALITY,0.9,NEUTRAL,0.9
156822,ANTI_EQUALITY,0.9,gender,ng,ANTI_EQUALITY,0.9,ANTI_EQUALITY,0.9
491871,PRO_EQUALITY,1.0,health,ng,NEUTRAL,0.5,PRO_EQUALITY,0.9
730028,ANTI_EQUALITY,0.9,income,us,ANTI_EQUALITY,0.8,ANTI_EQUALITY,0.95
755606,PRO_EQUALITY,1.0,gender,au,PRO_EQUALITY,0.9,PRO_EQUALITY,0.98
121321,PRO_EQUALITY,1.0,wealth,au,PRO_EQUALITY,0.8,PRO_EQUALITY,0.85
621253,PRO_EQUALITY,1.0,health,in,PRO_EQUALITY,0.9,PRO_EQUALITY,0.9
302973,PRO_EQUALITY,1.0,health,us,NEUTRAL,0.5,PRO_EQUALITY,0.88
478902,ANTI_EQUALITY,0.9,gender,us,ANTI_EQUALITY,0.8,ANTI_EQUALITY,0.96
413583,ANTI_EQUALITY,0.9,gender,nz,ANTI_EQUALITY,0.9,ANTI_EQUALITY,0.92
201489,ANTI_EQUALITY,0.9,gender,in,ANTI_EQUALITY,0.8,ANTI_EQUALITY,0.93
175272,ANTI_EQUALITY,0.95,income,us,PRO_EQUALITY,0.8,ANTI_EQUALITY,0.97
126863,ANTI_EQUALITY,0.9,wealth,hk,NEUTRAL,0.5,PRO_EQUALITY,0.8
95216,ANTI_EQUALITY,0.9,gender,in,ANTI_EQUALITY,0.9,ANTI_EQUALITY,0.94
280353,ANTI_EQUALITY,0.9,income,us,ANTI_EQUALITY,0.8,ANTI_EQUALITY,0.88
805571,ANTI_EQUALITY,0.9,wealth,us,ANTI_EQUALITY,0.9,ANTI_EQUALITY,0.85
803574,ANTI_EQUALITY,0.9,wealth,in,ANTI_EQUALITY,0.8,ANTI_EQUALITY,0.87
667564,ANTI_EQUALITY,0.9,gender,us,PRO_EQUALITY,0.9,ANTI_EQUALITY,0.75
435071,ANTI_EQUALITY,0.9,gender,ca,PRO_EQUALITY,0.8,PRO_EQUALITY,0.92
486447,ANTI_EQUALITY,0.9,gender,us,ANTI_EQUALITY,0.9,ANTI_EQUALITY,0.96
574668,ANTI_EQUALITY,0.9,income,nz,ANTI_EQUALITY,0.8,ANTI_EQUALITY,0.9
200793,ANTI_EQUALITY,0.9,income,gb,ANTI_EQUALITY,0.9,ANTI_EQUALITY,0.89
232076,ANTI_EQUALITY,0.9,wealth,gb,NEUTRAL,0.5,NEUTRAL,0.72
484740,ANTI_EQUALITY,0.9,gender,ph,ANTI_EQUALITY,0.8,ANTI_EQUALITY,0.95
22052,ANTI_EQUALITY,0.9,income,gb,PRO_EQUALITY,0.9,ANTI_EQUALITY,0.85
68708,ANTI_EQUALITY,0.9,wealth,ie,PRO_EQUALITY,0.8,ANTI_EQUALITY,0.9
857911,ANTI_EQUALITY,0.9,income,in,ANTI_EQUALITY,0.7,ANTI_EQUALITY,0.88
72968,ANTI_EQUALITY,0.9,income,nz,ANTI_EQUALITY,0.9,ANTI_EQUALITY,0.92
754454,ANTI_EQUALITY,0.9,wealth,us,PRO_EQUALITY,0.8,ANTI_EQUALITY,0.8
126527,ANTI_EQUALITY,0.9,income,gb,ANTI_EQUALITY,0.9,ANTI_EQUALITY,0.98
829288,ANTI_EQUALITY,0.9,wealth,in,PRO_EQUALITY,0.7,ANTI_EQUALITY,0.75
79369,ANTI_EQUALITY,0.9,wealth,za,PRO_EQUALITY,0.8,PRO_EQUALITY,0.85
410291,ANTI_EQUALITY,0.9,gender,za,ANTI_EQUALITY,0.8,ANTI_EQUALITY,0.93
480165,ANTI_EQUALITY,0.9,income,au,ANTI_EQUALITY,0.9,ANTI_EQUALITY,0.94
48989,ANTI_EQUALITY,0.9,wealth,us,ANTI_EQUALITY,0.9,ANTI_EQUALITY,0.88
549964,ANTI_EQUALITY,0.9,gender,us,PRO_EQUALITY,0.8,ANTI_EQUALITY,0.87
56138,ANTI_EQUALITY,0.9,gender,au,PRO_EQUALITY,0.9,PRO_EQUALITY,0.82
4122,ANTI_EQUALITY,0.9,gender,ca,ANTI_EQUALITY,0.8,ANTI_EQUALITY,0.7
536999,ANTI_EQUALITY,0.9,income,us,NEUTRAL,0.5,NEUTRAL,0.65
139538,ANTI_EQUALITY,0.9,gender,sg,ANTI_EQUALITY,0.9,PRO_EQUALITY,0.8
148934,ANTI_EQUALITY,0.9,income,gb,ANTI_EQUALITY,0.8,PRO_EQUALITY,0.78
676171,ANTI_EQUALITY,0.9,income,us,ANTI_EQUALITY,0.9,ANTI_EQUALITY,0.85
204251,ANTI_EQUALITY,0.9,gender,us,NEUTRAL,0.5,ANTI_EQUALITY,0.91
202787,ANTI_EQUALITY,0.9,income,nz,ANTI_EQUALITY,1.0,ANTI_EQUALITY,0.95
746457,ANTI_EQUALITY,0.9,wealth,us,ANTI_EQUALITY,1.0,NEUTRAL,0.7
162805,ANTI_EQUALITY,0.9,gender,ng,ANTI_EQUALITY,1.0,ANTI_EQUALITY,0.92
157262,ANTI_EQUALITY,0.95,gender,ng,ANTI_EQUALITY,1.0,ANTI_EQUALITY,0.93
161039,NEUTRAL,1.0,wealth,hk,PRO_EQUALITY,1.0,NEUTRAL,0.85
267855,NEUTRAL,1.0,income,in,NEUTRAL,0.8,PRO_EQUALITY,0.75
697365,ANTI_EQUALITY,0.9,gender,gb,ANTI_EQUALITY,1.0,ANTI_EQUALITY,0.88
605328,ANTI_EQUALITY,0.95,gender,us,ANTI_EQUALITY,1.0,ANTI_EQUALITY,0.8
312801,ANTI_EQUALITY,0.9,gender,us,ANTI_EQUALITY,1.0,PRO_EQUALITY,0.72
209324,ANTI_EQUALITY,0.9,income,nz,ANTI_EQUALITY,1.0,ANTI_EQUALITY,0.95
727160,NEUTRAL,1.0,income,ng,NEUTRAL,1.0,NEUTRAL,0.88
188363,ANTI_EQUALITY,0.9,income,au,PRO_EQUALITY,0.8,PRO_EQUALITY,0.78
341910,ANTI_EQUALITY,0.9,income,us,ANTI_EQUALITY,0.9,ANTI_EQUALITY,0.82
200823,ANTI_EQUALITY,0.9,income,gb,ANTI_EQUALITY,0.8,PRO_EQUALITY,0.8
166896,ANTI_EQUALITY,0.9,gender,ke,ANTI_EQUALITY,0.9,ANTI_EQUALITY,0.68
59859,ANTI_EQUALITY,0.9,income,au,ANTI_EQUALITY,0.8,PRO_EQUALITY,0.85
557385,ANTI_EQUALITY,0.9,income,za,ANTI_EQUALITY,0.9,ANTI_EQUALITY,0.9
92731,ANTI_EQUALITY,0.95,gender,in,ANTI_EQUALITY,0.8,ANTI_EQUALITY,0.92
242688,ANTI_EQUALITY,0.9,wealth,nz,ANTI_EQUALITY,0.9,ANTI_EQUALITY,0.87
479697,ANTI_EQUALITY,0.9,income,za,NEUTRAL,0.5,ANTI_EQUALITY,0.85
142384,ANTI_EQUALITY,0.9,income,gb,ANTI_EQUALITY,0.8,NEUTRAL,0.75
92743,ANTI_EQUALITY,0.95,gender,in,ANTI_EQUALITY,0.9,PRO_EQUALITY,0.95
135805,ANTI_EQUALITY,0.9,income,ca,PRO_EQUALITY,0.7,PRO_EQUALITY,0.85
180024,ANTI_EQUALITY,0.9,gender,ng,ANTI_EQUALITY,0.8,ANTI_EQUALITY,0.9
821120,ANTI_EQUALITY,0.9,wealth,in,ANTI_EQUALITY,0.9,NEUTRAL,0.7
195016,ANTI_EQUALITY,0.9,income,gb,ANTI_EQUALITY,0.8,ANTI_EQUALITY,0.85
655993,ANTI_EQUALITY,0.9,income,us,NEUTRAL,0.5,ANTI_EQUALITY,0.8
686021,ANTI_EQUALITY,0.9,gender,us,ANTI_EQUALITY,0.8,PRO_EQUALITY,0.92
556236,ANTI_EQUALITY,0.9,gender,us,ANTI_EQUALITY,0.9,ANTI_EQUALITY,0.75
368886,ANTI_EQUALITY,0.9,education,us,ANTI_EQUALITY,0.8,PRO_EQUALITY,0.88
711866,ANTI_EQUALITY,0.9,income,au,ANTI_EQUALITY,0.8,PRO_EQUALITY,0.82
51535,ANTI_EQUALITY,0.9,gender,ie,PRO_EQUALITY,0.6,NEUTRAL,0.78
30697,ANTI_EQUALITY,0.9,income,us,PRO_EQUALITY,0.8,PRO_EQUALITY,0.8
543222,ANTI_EQUALITY,0.9,gender,us,ANTI_EQUALITY,0.9,ANTI_EQUALITY,0.88
216142,ANTI_EQUALITY,0.9,gender,nz,ANTI_EQUALITY,0.9,ANTI_EQUALITY,0.85
341470,ANTI_EQUALITY,0.9,wealth,nz,ANTI_EQUALITY,0.8,ANTI_EQUALITY,0.8
297648,ANTI_EQUALITY,0.9,health,us,PRO_EQUALITY,0.7,NEUTRAL,0.65
372200,ANTI_EQUALITY,1.0,education,ca,PRO_EQUALITY,0.8,PRO_EQUALITY,0.9
720344,ANTI_EQUALITY,0.9,gender,us,PRO_EQUALITY,0.9,ANTI_EQUALITY,0.75
47344,ANTI_EQUALITY,0.9,income,us,NEUTRAL,0.5,ANTI_EQUALITY,0.78
216717,ANTI_EQUALITY,0.9,gender,sg,PRO_EQUALITY,1.0,ANTI_EQUALITY,0.95
794207,ANTI_EQUALITY,0.9,income,us,ANTI_EQUALITY,1.0,ANTI_EQUALITY,0.9
470517,ANTI_EQUALITY,0.9,gender,us,PRO_EQUALITY,1.0,ANTI_EQUALITY,0.92
708096,ANTI_EQUALITY,0.9,income,nz,PRO_EQUALITY,1.0,ANTI_EQUALITY,0.88
792090,ANTI_EQUALITY,0.95,income,nz,PRO_EQUALITY,1.0,PRO_EQUALITY,0.85
52380,ANTI_EQUALITY,0.95,income,us,ANTI_EQUALITY,1.0,ANTI_EQUALITY,0.92
555455,ANTI_EQUALITY,0.9,wealth,us,ANTI_EQUALITY,1.0,ANTI_EQUALITY,0.88
192593,ANTI_EQUALITY,0.9,wealth,us,ANTI_EQUALITY,1.0,PRO_EQUALITY,0.8
758648,ANTI_EQUALITY,0.9,wealth,nz,PRO_EQUALITY,1.0,ANTI_EQUALITY,0.9
286821,ANTI_EQUALITY,0.9,income,in,NEUTRAL,0.5,PRO_EQUALITY,0.87
266329,ANTI_EQUALITY,0.9,wealth,ca,ANTI_EQUALITY,0.9,ANTI_EQUALITY,0.85
529331,ANTI_EQUALITY,0.9,income,us,ANTI_EQUALITY,0.8,ANTI_EQUALITY,0.78
730648,ANTI_EQUALITY,0.9,gender,au,PRO_EQUALITY,0.8,PRO_EQUALITY,0.82
61879,ANTI_EQUALITY,0.9,gender,ca,ANTI_EQUALITY,0.9,ANTI_EQUALITY,0.75
804020,ANTI_EQUALITY,0.9,wealth,in,ANTI_EQUALITY,0.9,ANTI_EQUALITY,0.92
397164,ANTI_EQUALITY,0.9,income,gb,ANTI_EQUALITY,0.9,ANTI_EQUALITY,0.93
57646,ANTI_EQUALITY,0.9,health,us,ANTI_EQUALITY,0.8,ANTI_EQUALITY,0.88
578161,ANTI_EQUALITY,0.9,gender,us,ANTI_EQUALITY,0.8,ANTI_EQUALITY,0.9
67973,ANTI_EQUALITY,0.9,wealth,au,NEUTRAL,0.7,ANTI_EQUALITY,0.85
760863,ANTI_EQUALITY,0.9,income,us,NEUTRAL,0.5,ANTI_EQUALITY,0.83
121228,ANTI_EQUALITY,0.9,gender,au,ANTI_EQUALITY,0.8,ANTI_EQUALITY,0.95
53952,ANTI_EQUALITY,0.9,income,us,ANTI_EQUALITY,0.9,ANTI_EQUALITY,0.85
107684,ANTI_EQUALITY,0.9,gender,ng,PRO_EQUALITY,0.9,PRO_EQUALITY,0.9
911,ANTI_EQUALITY,0.9,gender,us,ANTI_EQUALITY,0.8,PRO_EQUALITY,0.92
405385,ANTI_EQUALITY,0.9,wealth,za,ANTI_EQUALITY,0.7,NEUTRAL,0.72
611932,ANTI_EQUALITY,0.95,wealth,nz,PRO_EQUALITY,0.8,NEUTRAL,0.65
861827,ANTI_EQUALITY,0.9,income,us,ANTI_EQUALITY,0.9,ANTI_EQUALITY,0.88
61386,ANTI_EQUALITY,0.9,income,us,PRO_EQUALITY,0.8,ANTI_EQUALITY,0.87
54000,ANTI_EQUALITY,0.9,income,us,PRO_EQUALITY,0.9,NEUTRAL,0.68
801260,ANTI_EQUALITY,0.9,gender,us,NEUTRAL,0.5,ANTI_EQUALITY,0.8
10200,ANTI_EQUALITY,0.95,gender,us,ANTI_EQUALITY,1.0,PRO_EQUALITY,0.88
577343,ANTI_EQUALITY,0.9,gender,us,ANTI_EQUALITY,1.0,ANTI_EQUALITY,0.9
423358,ANTI_EQUALITY,0.9,gender,nz,ANTI_EQUALITY,1.0,PRO_EQUALITY,0.85
200384,ANTI_EQUALITY,0.95,income,gb,ANTI_EQUALITY,1.0,PRO_EQUALITY,0.92
455519,ANTI_EQUALITY,0.9,wealth,bd,PRO_EQUALITY,1.0,ANTI_EQUALITY,0.82
760288,ANTI_EQUALITY,0.9,health,us,ANTI_EQUALITY,1.0,PRO_EQUALITY,0.75
199082,ANTI_EQUALITY,0.9,income,za,ANTI_EQUALITY,1.0,ANTI_EQUALITY,0.78
210094,ANTI_EQUALITY,0.9,income,pk,PRO_EQUALITY,1.0,PRO_EQUALITY,0.68
803595,ANTI_EQUALITY,0.9,wealth,in,NEUTRAL,0.8,ANTI_EQUALITY,0.88
515305,ANTI_EQUALITY,0.9,income,us,NEUTRAL,0.5,NEUTRAL,0.5
18374,ANTI_EQUALITY,0.9,wealth,us,PRO_EQUALITY,0.9,PRO_EQUALITY,0.95
477244,ANTI_EQUALITY,0.9,health,nz,ANTI_EQUALITY,0.8,ANTI_EQUALITY,0.85
803781,ANTI_EQUALITY,0.9,wealth,in,PRO_EQUALITY,0.7,PRO_EQUALITY,0.75
720963,ANTI_EQUALITY,0.9,income,us,ANTI_EQUALITY,0.9,ANTI_EQUALITY,0.9
478082,ANTI_EQUALITY,0.9,income,sg,PRO_EQUALITY,0.6,PRO_EQUALITY,0.88
397572,ANTI_EQUALITY,0.9,wealth,ie,PRO_EQUALITY,0.8,ANTI_EQUALITY,0.92
65960,NEUTRAL,1.0,income,za,NEUTRAL,0.5,NEUTRAL,0.85
683151,NEUTRAL,1.0,income,lk,NEUTRAL,0.5,NEUTRAL,0.9
160852,NEUTRAL,1.0,income,gb,ANTI_EQUALITY,0.7,NEUTRAL,0.8
86764,ANTI_EQUALITY,0.9,gender,gh,ANTI_EQUALITY,0.9,ANTI_EQUALITY,0.88
134876,ANTI_EQUALITY,0.9,gender,au,ANTI_EQUALITY,0.8,ANTI_EQUALITY,0.85
7061,ANTI_EQUALITY,0.95,income,us,PRO_EQUALITY,0.9,PRO_EQUALITY,0.92
513453,ANTI_EQUALITY,0.9,income,my,PRO_EQUALITY,0.8,PRO_EQUALITY,0.88
359331,ANTI_EQUALITY,0.9,gender,us,PRO_EQUALITY,0.7,ANTI_EQUALITY,0.8
572890,ANTI_EQUALITY,0.9,gender,gb,ANTI_EQUALITY,0.9,ANTI_EQUALITY,0.9
363811,ANTI_EQUALITY,0.9,income,us,PRO_EQUALITY,0.8,NEUTRAL,0.75
260247,ANTI_EQUALITY,0.9,income,nz,ANTI_EQUALITY,0.8,ANTI_EQUALITY,0.88
372381,ANTI_EQUALITY,0.9,education,us,ANTI_EQUALITY,0.7,ANTI_EQUALITY,0.85
818603,ANTI_EQUALITY,0.9,income,au,PRO_EQUALITY,0.9,ANTI_EQUALITY,0.82
312304,ANTI_EQUALITY,0.9,education,us,NEUTRAL,0.5,ANTI_EQUALITY,0.78
197123,ANTI_EQUALITY,0.9,income,nz,ANTI_EQUALITY,0.8,ANTI_EQUALITY,0.85
49084,ANTI_EQUALITY,0.9,income,za,ANTI_EQUALITY,0.9,PRO_EQUALITY,0.9
804573,ANTI_EQUALITY,0.9,gender,ng,ANTI_EQUALITY,0.9,PRO_EQUALITY,0.75
289298,ANTI_EQUALITY,0.9,wealth,us,PRO_EQUALITY,0.8,ANTI_EQUALITY,0.8
665762,ANTI_EQUALITY,0.9,income,us,ANTI_EQUALITY,0.7,ANTI_EQUALITY,0.82
63655,ANTI_EQUALITY,0.9,gender,gb,ANTI_EQUALITY,0.9,ANTI_EQUALITY,0.88
89747,ANTI_EQUALITY,0.9,gender,gb,PRO_EQUALITY,0.6,ANTI_EQUALITY,0.8
418957,ANTI_EQUALITY,0.9,income,au,NEUTRAL,0.5,ANTI_EQUALITY,0.78
381635,ANTI_EQUALITY,0.9,income,us,PRO_EQUALITY,0.8,PRO_EQUALITY,0.85
658527,ANTI_EQUALITY,0.9,income,au,PRO_EQUALITY,0.4,PRO_EQUALITY,0.72
70927,ANTI_EQUALITY,0.9,gender,ie,ANTI_EQUALITY,0.8,ANTI_EQUALITY,0.87
861818,ANTI_EQUALITY,0.9,gender,us,ANTI_EQUALITY,0.9,ANTI_EQUALITY,0.88
421809,ANTI_EQUALITY,0.9,income,in,ANTI_EQUALITY,0.9,ANTI_EQUALITY,0.86
549861,ANTI_EQUALITY,0.9,education,us,ANTI_EQUALITY,0.8,PRO_EQUALITY,0.82
95560,ANTI_EQUALITY,0.9,health,nz,ANTI_EQUALITY,0.7,ANTI_EQUALITY,0.75
18138,ANTI_EQUALITY,0.9,wealth,us,ANTI_EQUALITY,0.9,PRO_EQUALITY,0.8
208687,ANTI_EQUALITY,0.9,gender,ng,ANTI_EQUALITY,0.8,ANTI_EQUALITY,0.85
157310,ANTI_EQUALITY,0.9,gender,ng,ANTI_EQUALITY,0.9,ANTI_EQUALITY,0.86
855832,ANTI_EQUALITY,0.9,gender,in,ANTI_EQUALITY,0.8,ANTI_EQUALITY,0.78
182356,ANTI_EQUALITY,0.9,income,au,NEUTRAL,0.5,PRO_EQUALITY,0.8
260511,ANTI_EQUALITY,0.9,income,nz,ANTI_EQUALITY,1.0,ANTI_EQUALITY,0.95
145027,ANTI_EQUALITY,0.9,income,nz,ANTI_EQUALITY,1.0,ANTI_EQUALITY,0.9
370599,ANTI_EQUALITY,0.95,education,ca,ANTI_EQUALITY,1.0,PRO_EQUALITY,0.92
3313,ANTI_EQUALITY,0.9,wealth,us,ANTI_EQUALITY,1.0,ANTI_EQUALITY,0.93
138851,ANTI_EQUALITY,0.95,gender,nz,ANTI_EQUALITY,1.0,PRO_EQUALITY,0.88
8988,ANTI_EQUALITY,0.9,income,us,PRO_EQUALITY,1.0,ANTI_EQUALITY,0.85
43824,ANTI_EQUALITY,0.9,income,ph,ANTI_EQUALITY,1.0,ANTI_EQUALITY,0.88
192581,ANTI_EQUALITY,0.9,income,us,NEUTRAL,0.8,NEUTRAL,0.72
620923,ANTI_EQUALITY,0.9,gender,in,PRO_EQUALITY,1.0,PRO_EQUALITY,0.87
204350,ANTI_EQUALITY,0.9,gender,us,NEUTRAL,0.5,ANTI_EQUALITY,0.91
414398,ANTI_EQUALITY,0.9,gender,sg,ANTI_EQUALITY,0.8,ANTI_EQUALITY,0.75
651287,ANTI_EQUALITY,0.9,gender,in,NEUTRAL,0.6,ANTI_EQUALITY,0.78
4360,ANTI_EQUALITY,0.95,income,gb,PRO_EQUALITY,0.9,PRO_EQUALITY,0.85
177131,ANTI_EQUALITY,0.9,wealth,ca,ANTI_EQUALITY,0.7,ANTI_EQUALITY,0.9
327192,ANTI_EQUALITY,0.9,income,us,NEUTRAL,0.5,ANTI_EQUALITY,0.87
84254,ANTI_EQUALITY,0.9,income,us,ANTI_EQUALITY,0.9,ANTI_EQUALITY,0.92
1652,ANTI_EQUALITY,0.9,gender,us,ANTI_EQUALITY,0.8,ANTI_EQUALITY,0.82
489521,ANTI_EQUALITY,0.95,income,ie,PRO_EQUALITY,0.8,PRO_EQUALITY,0.81
213947,ANTI_EQUALITY,0.9,wealth,ie,PRO_EQUALITY,0.7,PRO_EQUALITY,0.89
749776,ANTI_EQUALITY,0.9,gender,in,NEUTRAL,0.5,PRO_EQUALITY,0.87
222681,ANTI_EQUALITY,0.9,income,nz,ANTI_EQUALITY,1.0,ANTI_EQUALITY,0.95
204437,ANTI_EQUALITY,0.9,gender,us,ANTI_EQUALITY,1.0,ANTI_EQUALITY,0.9
552375,ANTI_EQUALITY,0.9,wealth,za,ANTI_EQUALITY,1.0,ANTI_EQUALITY,0.92
95735,ANTI_EQUALITY,0.9,gender,sg,ANTI_EQUALITY,1.0,ANTI_EQUALITY,0.88
487,ANTI_EQUALITY,0.9,income,us,NEUTRAL,0.8,ANTI_EQUALITY,0.85
618386,ANTI_EQUALITY,0.9,gender,gb,ANTI_EQUALITY,1.0,PRO_EQUALITY,0.88
37928,ANTI_EQUALITY,0.9,wealth,gb,ANTI_EQUALITY,1.0,ANTI_EQUALITY,0.87
204448,ANTI_EQUALITY,0.9,gender,us,ANTI_EQUALITY,1.0,ANTI_EQUALITY,0.89
76875,ANTI_EQUALITY,0.9,income,za,NEUTRAL,0.5,ANTI_EQUALITY,0.8
204216,ANTI_EQUALITY,0.9,income,us,NEUTRAL,0.5,ANTI_EQUALITY,0.91
115378,ANTI_EQUALITY,0.9,income,us,ANTI_EQUALITY,0.9,ANTI_EQUALITY,0.78
12026,ANTI_EQUALITY,0.95,gender,us,ANTI_EQUALITY,0.9,ANTI_EQUALITY,0.92
174210,ANTI_EQUALITY,0.95,income,ph,ANTI_EQUALITY,0.9,ANTI_EQUALITY,0.86
435220,ANTI_EQUALITY,0.9,wealth,ca,PRO_EQUALITY,0.9,ANTI_EQUALITY,0.83
628766,ANTI_EQUALITY,0.9,income,gb,ANTI_EQUALITY,0.9,ANTI_EQUALITY,0.84
740620,ANTI_EQUALITY,0.9,income,gb,PRO_EQUALITY,0.9,ANTI_EQUALITY,0.86
74311,ANTI_EQUALITY,0.9,gender,gb,NEUTRAL,0.8,NEUTRAL,0.72
134148,ANTI_EQUALITY,0.9,wealth,us,ANTI_EQUALITY,0.9,ANTI_EQUALITY,0.81
18244,ANTI_EQUALITY,0.9,income,us,ANTI_EQUALITY,0.9,PRO_EQUALITY,0.79
84843,ANTI_EQUALITY,0.9,income,au,NEUTRAL,0.5,NEUTRAL,0.5
840834,ANTI_EQUALITY,0.9,gender,us,ANTI_EQUALITY,0.8,PRO_EQUALITY,0.95
224975,ANTI_EQUALITY,0.9,income,au,PRO_EQUALITY,0.9,PRO_EQUALITY,0.98
67422,ANTI_EQUALITY,0.9,gender,us,ANTI_EQUALITY,0.7,ANTI_EQUALITY,0.92
833743,ANTI_EQUALITY,0.9,income,us,ANTI_EQUALITY,0.8,PRO_EQUALITY,0.9
328892,ANTI_EQUALITY,0.9,income,us,NEUTRAL,0.5,ANTI_EQUALITY,0.85
805001,ANTI_EQUALITY,0.9,wealth,nz,ANTI_EQUALITY,0.9,PRO_EQUALITY,0.97
90884,ANTI_EQUALITY,0.9,wealth,us,ANTI_EQUALITY,0.8,ANTI_EQUALITY,0.93
547515,ANTI_EQUALITY,0.9,gender,in,ANTI_EQUALITY,0.7,ANTI_EQUALITY,0.88
78256,ANTI_EQUALITY,0.9,income,in,PRO_EQUALITY,0.9,NEUTRAL,0.7
533553,ANTI_EQUALITY,0.9,health,ke,NEUTRAL,0.5,PRO_EQUALITY,0.96
247892,ANTI_EQUALITY,0.9,gender,gb,ANTI_EQUALITY,0.8,PRO_EQUALITY,0.82
248729,ANTI_EQUALITY,0.9,income,hk,ANTI_EQUALITY,0.9,NEUTRAL,0.65
293765,ANTI_EQUALITY,0.9,income,gb,ANTI_EQUALITY,0.7,PRO_EQUALITY,0.87
127090,ANTI_EQUALITY,0.9,wealth,ie,PRO_EQUALITY,0.9,PRO_EQUALITY,0.91
35832,ANTI_EQUALITY,0.9,wealth,us,PRO_EQUALITY,0.8,PRO_EQUALITY,0.94
31092,ANTI_EQUALITY,0.9,income,ca,ANTI_EQUALITY,0.9,NEUTRAL,0.72
310386,ANTI_EQUALITY,0.9,income,us,ANTI_EQUALITY,0.8,ANTI_EQUALITY,0.91
845649,ANTI_EQUALITY,0.9,wealth,in,NEUTRAL,0.5,NEUTRAL,0.6
333610,ANTI_EQUALITY,0.9,gender,ng,PRO_EQUALITY,0.8,NEUTRAL,0.58
289282,ANTI_EQUALITY,0.9,gender,us,NEUTRAL,0.5,PRO_EQUALITY,0.93
585641,ANTI_EQUALITY,0.9,wealth,us,ANTI_EQUALITY,0.8,PRO_EQUALITY,0.85
11329,ANTI_EQUALITY,0.9,gender,au,ANTI_EQUALITY,0.9,ANTI_EQUALITY,0.9
643142,NEUTRAL,1.0,health,us,NEUTRAL,0.5,NEUTRAL,0.95
661546,ANTI_EQUALITY,0.9,income,gb,ANTI_EQUALITY,0.9,PRO_EQUALITY,0.88
587898,ANTI_EQUALITY,0.9,gender,au,ANTI_EQUALITY,0.8,NEUTRAL,0.75
545970,ANTI_EQUALITY,0.9,gender,gb,ANTI_EQUALITY,0.9,ANTI_EQUALITY,0.85
123801,ANTI_EQUALITY,0.9,gender,ng,PRO_EQUALITY,0.8,ANTI_EQUALITY,0.82
720894,ANTI_EQUALITY,0.9,income,us,ANTI_EQUALITY,0.9,ANTI_EQUALITY,0.88
376657,ANTI_EQUALITY,0.9,gender,au,PRO_EQUALITY,0.7,ANTI_EQUALITY,0.8
501566,ANTI_EQUALITY,0.9,income,sg,PRO_EQUALITY,0.6,PRO_EQUALITY,0.78
479961,ANTI_EQUALITY,0.9,gender,au,NEUTRAL,1.0,ANTI_EQUALITY,0.85
330189,ANTI_EQUALITY,0.9,gender,us,ANTI_EQUALITY,0.8,ANTI_EQUALITY,0.82
153236,ANTI_EQUALITY,0.9,gender,us,ANTI_EQUALITY,0.9,ANTI_EQUALITY,0.8
632004,ANTI_EQUALITY,0.9,gender,ng,NEUTRAL,1.0,ANTI_EQUALITY,0.85
87068,ANTI_EQUALITY,0.9,income,pk,PRO_EQUALITY,0.9,ANTI_EQUALITY,0.88
57384,ANTI_EQUALITY,0.9,gender,pk,ANTI_EQUALITY,0.8,NEUTRAL,0.72
38653,ANTI_EQUALITY,0.9,income,us,ANTI_EQUALITY,0.7,PRO_EQUALITY,0.82
281815,ANTI_EQUALITY,0.9,income,us,NEUTRAL,1.0,PRO_EQUALITY,0.88
107998,ANTI_EQUALITY,0.95,income,nz,ANTI_EQUALITY,0.8,ANTI_EQUALITY,0.83
536780,ANTI_EQUALITY,0.9,income,us,ANTI_EQUALITY,0.7,NEUTRAL,0.5
231411,ANTI_EQUALITY,0.9,wealth,gb,ANTI_EQUALITY,0.8,ANTI_EQUALITY,0.95
206771,ANTI_EQUALITY,0.9,income,gb,PRO_EQUALITY,0.9,PRO_EQUALITY,0.92
2317,ANTI_EQUALITY,0.9,income,us,ANTI_EQUALITY,0.7,ANTI_EQUALITY,0.88
234151,ANTI_EQUALITY,0.9,gender,ng,ANTI_EQUALITY,0.9,ANTI_EQUALITY,0.85
160030,ANTI_EQUALITY,0.9,wealth,ca,ANTI_EQUALITY,0.8,ANTI_EQUALITY,0.9
49188,ANTI_EQUALITY,0.9,wealth,au,PRO_EQUALITY,0.8,PRO_EQUALITY,0.88
123838,ANTI_EQUALITY,0.9,gender,ng,ANTI_EQUALITY,0.9,ANTI_EQUALITY,0.93
730104,ANTI_EQUALITY,0.9,education,us,ANTI_EQUALITY,0.7,ANTI_EQUALITY,0.82
722168,ANTI_EQUALITY,0.9,gender,us,ANTI_EQUALITY,0.8,ANTI_EQUALITY,0.9
182276,ANTI_EQUALITY,0.9,gender,au,ANTI_EQUALITY,0.9,ANTI_EQUALITY,0.91
459581,ANTI_EQUALITY,0.9,income,nz,PRO_EQUALITY,1.0,ANTI_EQUALITY,0.87
538502,ANTI_EQUALITY,0.9,gender,ca,ANTI_EQUALITY,1.0,ANTI_EQUALITY,0.86
120398,ANTI_EQUALITY,0.95,gender,us,PRO_EQUALITY,1.0,PRO_EQUALITY,0.85
626826,ANTI_EQUALITY,0.9,income,za,ANTI_EQUALITY,1.0,ANTI_EQUALITY,0.75
415718,ANTI_EQUALITY,0.9,gender,ca,NEUTRAL,0.8,NEUTRAL,0.7
803997,ANTI_EQUALITY,0.9,wealth,in,ANTI_EQUALITY,1.0,ANTI_EQUALITY,0.88
11073,ANTI_EQUALITY,0.9,income,us,PRO_EQUALITY,1.0,ANTI_EQUALITY,0.84
173410,ANTI_EQUALITY,0.9,income,ng,PRO_EQUALITY,1.0,PRO_EQUALITY,0.82
383524,ANTI_EQUALITY,0.9,gender,gb,ANTI_EQUALITY,1.0,ANTI_EQUALITY,0.86
660840,ANTI_EQUALITY,0.9,income,gb,PRO_EQUALITY,0.9,ANTI_EQUALITY,0.8
781097,ANTI_EQUALITY,0.9,gender,nz,ANTI_EQUALITY,1.0,ANTI_EQUALITY,0.95
428253,ANTI_EQUALITY,0.95,income,ie,ANTI_EQUALITY,1.0,PRO_EQUALITY,0.9
478470,ANTI_EQUALITY,0.95,gender,us,ANTI_EQUALITY,1.0,ANTI_EQUALITY,0.92
677811,ANTI_EQUALITY,0.9,income,us,ANTI_EQUALITY,1.0,ANTI_EQUALITY,0.88
258127,ANTI_EQUALITY,0.9,income,gb,ANTI_EQUALITY,1.0,ANTI_EQUALITY,0.93
156501,ANTI_EQUALITY,0.9,gender,ke,ANTI_EQUALITY,1.0,ANTI_EQUALITY,0.9
199236,ANTI_EQUALITY,0.9,wealth,za,ANTI_EQUALITY,1.0,PRO_EQUALITY,0.85
256467,ANTI_EQUALITY,0.9,income,za,PRO_EQUALITY,1.0,ANTI_EQUALITY,0.87
242523,ANTI_EQUALITY,0.95,wealth,nz,NEUTRAL,0.5,PRO_EQUALITY,0.8
107843,ANTI_EQUALITY,0.9,gender,ng,NEUTRAL,0.5,ANTI_EQUALITY,0.89
866512,ANTI_EQUALITY,0.9,gender,gb,ANTI_EQUALITY,0.8,PRO_EQUALITY,0.88
155023,ANTI_EQUALITY,0.9,income,gb,PRO_EQUALITY,0.9,ANTI_EQUALITY,0.75
745317,ANTI_EQUALITY,0.9,income,us,ANTI_EQUALITY,0.7,ANTI_EQUALITY,0.78
197078,ANTI_EQUALITY,0.9,gender,ng,ANTI_EQUALITY,0.9,ANTI_EQUALITY,0.82
80206,ANTI_EQUALITY,0.9,income,ie,PRO_EQUALITY,0.6,ANTI_EQUALITY,0.72
77533,ANTI_EQUALITY,0.9,income,ca,ANTI_EQUALITY,0.8,PRO_EQUALITY,0.82
21767,ANTI_EQUALITY,0.9,wealth,au,ANTI_EQUALITY,0.9,ANTI_EQUALITY,0.85
59086,ANTI_EQUALITY,0.9,health,us,NEUTRAL,0.5,PRO_EQUALITY,0.88
251600,ANTI_EQUALITY,0.9,gender,us,ANTI_EQUALITY,0.8,PRO_EQUALITY,0.87
569980,NEUTRAL,1.0,income,us,NEUTRAL,0.5,NEUTRAL,0.92
11973,NEUTRAL,1.0,income,us,NEUTRAL,1.0,NEUTRAL,0.95
790520,NEUTRAL,1.0,income,in,NEUTRAL,1.0,NEUTRAL,0.95
73192,ANTI_EQUALITY,0.95,gender,us,ANTI_EQUALITY,0.8,PRO_EQUALITY,0.85
721178,ANTI_EQUALITY,0.95,gender,us,PRO_EQUALITY,0.9,PRO_EQUALITY,0.9
116034,ANTI_EQUALITY,0.95,income,au,PRO_EQUALITY,0.9,PRO_EQUALITY,0.88
147440,NEUTRAL,1.0,income,au,PRO_EQUALITY,0.8,PRO_EQUALITY,0.82
369755,ANTI_EQUALITY,0.95,education,za,PRO_EQUALITY,0.9,PRO_EQUALITY,0.87
503988,ANTI_EQUALITY,0.95,income,au,PRO_EQUALITY,0.8,PRO_EQUALITY,0.8
815065,ANTI_EQUALITY,0.95,gender,lk,PRO_EQUALITY,0.9,ANTI_EQUALITY,0.88
824951,NEUTRAL,1.0,income,us,NEUTRAL,0.5,NEUTRAL,0.92
200980,ANTI_EQUALITY,0.95,gender,ie,ANTI_EQUALITY,0.8,ANTI_EQUALITY,0.85
173533,ANTI_EQUALITY,0.95,wealth,nz,ANTI_EQUALITY,0.9,ANTI_EQUALITY,0.9
687250,ANTI_EQUALITY,0.95,health,za,PRO_EQUALITY,0.7,PRO_EQUALITY,0.86
3496,ANTI_EQUALITY,0.95,gender,us,ANTI_EQUALITY,0.8,ANTI_EQUALITY,0.87
223997,ANTI_EQUALITY,0.95,wealth,us,PRO_EQUALITY,0.6,PRO_EQUALITY,0.88
864059,ANTI_EQUALITY,0.95,gender,au,ANTI_EQUALITY,0.9,ANTI_EQUALITY,0.86
615057,NEUTRAL,1.0,income,us,NEUTRAL,0.5,NEUTRAL,0.96
46216,NEUTRAL,1.0,income,ca,NEUTRAL,0.5,NEUTRAL,0.96
139968,NEUTRAL,1.0,income,us,PRO_EQUALITY,0.8,PRO_EQUALITY,0.8
14657,NEUTRAL,0.95,income,us,NEUTRAL,0.5,NEUTRAL,0.94
665814,ANTI_EQUALITY,0.95,income,us,ANTI_EQUALITY,1.0,ANTI_EQUALITY,0.95
14666,NEUTRAL,1.0,income,us,NEUTRAL,0.8,NEUTRAL,0.9
293876,ANTI_EQUALITY,0.95,gender,gb,ANTI_EQUALITY,1.0,ANTI_EQUALITY,0.92
123787,ANTI_EQUALITY,0.95,gender,ng,ANTI_EQUALITY,1.0,ANTI_EQUALITY,0.93
203404,ANTI_EQUALITY,0.95,income,ph,PRO_EQUALITY,0.9,ANTI_EQUALITY,0.94
827119,ANTI_EQUALITY,0.95,gender,au,PRO_EQUALITY,0.9,PRO_EQUALITY,0.88
215504,ANTI_EQUALITY,0.95,gender,ng,ANTI_EQUALITY,1.0,ANTI_EQUALITY,0.91
20234,ANTI_EQUALITY,0.95,income,us,PRO_EQUALITY,0.8,PRO_EQUALITY,0.8
207058,ANTI_EQUALITY,0.95,gender,gh,PRO_EQUALITY,0.9,PRO_EQUALITY,0.85
434985,ANTI_EQUALITY,0.95,gender,ca,NEUTRAL,0.5,PRO_EQUALITY,0.89
424472,NEUTRAL,0.95,income,sg,NEUTRAL,1.0,PRO_EQUALITY,0.82
157263,ANTI_EQUALITY,0.95,gender,ng,ANTI_EQUALITY,0.8,PRO_EQUALITY,0.87
606217,ANTI_EQUALITY,0.95,wealth,us,PRO_EQUALITY,0.9,NEUTRAL,0.75
112056,ANTI_EQUALITY,0.95,income,gb,NEUTRAL,1.0,ANTI_EQUALITY,0.88
747823,ANTI_EQUALITY,0.95,gender,au,ANTI_EQUALITY,0.7,ANTI_EQUALITY,0.85
736823,ANTI_EQUALITY,0.95,education,us,NEUTRAL,1.0,PRO_EQUALITY,0.84
44023,ANTI_EQUALITY,1.0,gender,us,ANTI_EQUALITY,0.9,ANTI_EQUALITY,0.92
70128,ANTI_EQUALITY,0.95,gender,au,NEUTRAL,1.0,NEUTRAL,0.88
318459,NEUTRAL,1.0,health,us,NEUTRAL,1.0,NEUTRAL,0.92
381435,NEUTRAL,0.95,wealth,us,NEUTRAL,0.5,NEUTRAL,0.5
535425,ANTI_EQUALITY,0.95,health,us,ANTI_EQUALITY,0.8,PRO_EQUALITY,0.85
246044,ANTI_EQUALITY,0.95,income,us,ANTI_EQUALITY,0.9,PRO_EQUALITY,0.75
123776,ANTI_EQUALITY,1.0,gender,ng,ANTI_EQUALITY,0.8,ANTI_EQUALITY,0.9
718123,NEUTRAL,1.0,income,ng,NEUTRAL,0.9,NEUTRAL,0.95
660872,ANTI_EQUALITY,0.95,income,gb,PRO_EQUALITY,0.9,PRO_EQUALITY,0.88
132833,ANTI_EQUALITY,0.95,gender,nz,PRO_EQUALITY,0.8,ANTI_EQUALITY,0.8
568472,NEUTRAL,1.0,health,us,NEUTRAL,0.9,NEUTRAL,0.92
497577,ANTI_EQUALITY,0.95,income,us,ANTI_EQUALITY,0.9,ANTI_EQUALITY,0.87
123803,ANTI_EQUALITY,1.0,gender,ng,ANTI_EQUALITY,0.8,ANTI_EQUALITY,0.9
22918,NEUTRAL,1.0,income,us,NEUTRAL,0.9,NEUTRAL,0.98
291974,ANTI_EQUALITY,0.95,gender,us,ANTI_EQUALITY,1.0,PRO_EQUALITY,0.82
498720,ANTI_EQUALITY,0.95,income,us,PRO_EQUALITY,1.0,PRO_EQUALITY,0.85
594841,NEUTRAL,1.0,income,us,NEUTRAL,1.0,NEUTRAL,0.93
594849,NEUTRAL,1.0,income,us,NEUTRAL,1.0,NEUTRAL,0.94
594851,NEUTRAL,1.0,income,us,NEUTRAL,1.0,NEUTRAL,0.94
742446,ANTI_EQUALITY,1.0,education,in,ANTI_EQUALITY,1.0,ANTI_EQUALITY,0.78
748613,NEUTRAL,0.95,income,gb,NEUTRAL,1.0,NEUTRAL,0.96
283880,NEUTRAL,1.0,gender,us,PRO_EQUALITY,1.0,NEUTRAL,0.89
306313,NEUTRAL,0.95,income,au,NEUTRAL,0.5,NEUTRAL,0.92
643253,ANTI_EQUALITY,0.95,income,us,NEUTRAL,0.5,PRO_EQUALITY,0.83
844119,ANTI_EQUALITY,0.95,gender,hk,ANTI_EQUALITY,0.8,ANTI_EQUALITY,0.85
352245,NEUTRAL,1.0,income,us,NEUTRAL,1.0,NEUTRAL,0.95
191647,ANTI_EQUALITY,0.95,wealth,ph,PRO_EQUALITY,0.9,PRO_EQUALITY,0.9
261658,ANTI_EQUALITY,0.95,income,us,ANTI_EQUALITY,0.9,ANTI_EQUALITY,0.88
14637,NEUTRAL,1.0,income,us,NEUTRAL,1.0,NEUTRAL,0.92
52132,ANTI_EQUALITY,0.95,gender,us,ANTI_EQUALITY,0.8,PRO_EQUALITY,0.87
283240,NEUTRAL,1.0,income,us,NEUTRAL,1.0,NEUTRAL,0.93
187379,NEUTRAL,1.0,income,us,NEUTRAL,1.0,NEUTRAL,0.9
495635,NEUTRAL,1.0,income,za,NEUTRAL,1.0,NEUTRAL,0.88
772530,NEUTRAL,1.0,wealth,us,NEUTRAL,0.5,NEUTRAL,0.94
605833,ANTI_EQUALITY,0.95,wealth,us,ANTI_EQUALITY,0.8,ANTI_EQUALITY,0.82
595060,NEUTRAL,1.0,health,us,NEUTRAL,0.9,NEUTRAL,0.89
615807,NEUTRAL,1.0,income,us,NEUTRAL,0.9,NEUTRAL,0.91
347879,ANTI_EQUALITY,0.95,education,my,ANTI_EQUALITY,0.9,PRO_EQUALITY,0.86
14639,NEUTRAL,1.0,income,us,NEUTRAL,0.9,NEUTRAL,0.92
594855,NEUTRAL,1.0,income,us,PRO_EQUALITY,0.8,NEUTRAL,0.91
595684,NEUTRAL,0.95,income,us,NEUTRAL,0.9,NEUTRAL,0.9
352621,NEUTRAL,1.0,income,us,ANTI_EQUALITY,0.8,ANTI_EQUALITY,0.8
37912,ANTI_EQUALITY,1.0,income,gb,ANTI_EQUALITY,0.9,ANTI_EQUALITY,0.78
627874,ANTI_EQUALITY,1.0,income,ca,NEUTRAL,0.5,NEUTRAL,0.5
643938,NEUTRAL,1.0,income,us,NEUTRAL,1.0,NEUTRAL,0.95
828673,ANTI_EQUALITY,0.95,income,hk,ANTI_EQUALITY,0.8,PRO_EQUALITY,0.9
14642,NEUTRAL,1.0,income,us,NEUTRAL,1.0,NEUTRAL,0.95
185907,ANTI_EQUALITY,0.95,health,nz,PRO_EQUALITY,0.9,PRO_EQUALITY,0.85
14936,NEUTRAL,1.0,income,ca,NEUTRAL,1.0,NEUTRAL,0.9
359208,ANTI_EQUALITY,0.95,income,us,PRO_EQUALITY,0.8,PRO_EQUALITY,0.85
544559,NEUTRAL,1.0,income,bd,NEUTRAL,1.0,NEUTRAL,0.95
14636,NEUTRAL,1.0,income,us,ANTI_EQUALITY,0.7,NEUTRAL,0.95
462917,ANTI_EQUALITY,0.95,gender,bd,NEUTRAL,1.0,ANTI_EQUALITY,0.8
244814,NEUTRAL,1.0,income,us,NEUTRAL,0.5,NEUTRAL,0.95
484388,ANTI_EQUALITY,0.95,income,nz,ANTI_EQUALITY,0.0,ANTI_EQUALITY,0.85
595689,NEUTRAL,1.0,income,us,NEUTRAL,0.8,NEUTRAL,0.95
875943,ANTI_EQUALITY,0.95,education,us,PRO_EQUALITY,0.9,PRO_EQUALITY,0.88
486228,ANTI_EQUALITY,1.0,income,us,PRO_EQUALITY,0.9,ANTI_EQUALITY,0.82
617291,NEUTRAL,1.0,income,bd,NEUTRAL,0.8,NEUTRAL,0.95
244808,NEUTRAL,1.0,income,us,NEUTRAL,0.8,NEUTRAL,0.95
447578,ANTI_EQUALITY,0.95,education,bd,NEUTRAL,0.8,NEUTRAL,0.95
244802,NEUTRAL,1.0,income,us,ANTI_EQUALITY,0.9,PRO_EQUALITY,0.87
869980,NEUTRAL,1.0,income,in,NEUTRAL,0.8,NEUTRAL,0.95
553779,ANTI_EQUALITY,0.95,income,us,NEUTRAL,0.5,ANTI_EQUALITY,0.88
634055,NEUTRAL,1.0,income,us,NEUTRAL,1.0,NEUTRAL,0.95
305508,NEUTRAL,1.0,income,us,NEUTRAL,1.0,NEUTRAL,0.9
643945,NEUTRAL,1.0,income,us,PRO_EQUALITY,0.8,NEUTRAL,0.9
369594,NEUTRAL,1.0,education,us,NEUTRAL,1.0,NEUTRAL,0.95
14643,NEUTRAL,1.0,income,us,NEUTRAL,1.0,NEUTRAL,0.9
756783,NEUTRAL,1.0,income,in,PRO_EQUALITY,0.9,NEUTRAL,0.85
39730,NEUTRAL,1.0,income,ph,NEUTRAL,1.0,PRO_EQUALITY,0.7
29338,NEUTRAL,1.0,health,us,NEUTRAL,1.0,NEUTRAL,0.85
245531,NEUTRAL,1.0,income,us,NEUTRAL,0.5,NEUTRAL,0.9
447355,NEUTRAL,1.0,wealth,au,NEUTRAL,0.5,NEUTRAL,0.9
369956,NEUTRAL,1.0,education,us,NEUTRAL,1.0,PRO_EQUALITY,0.65
595686,NEUTRAL,0.95,income,us,NEUTRAL,1.0,NEUTRAL,0.9
479241,ANTI_EQUALITY,0.95,education,us,ANTI_EQUALITY,0.8,ANTI_EQUALITY,0.75
328409,NEUTRAL,1.0,health,us,NEUTRAL,1.0,NEUTRAL,0.9
746359,NEUTRAL,1.0,income,us,NEUTRAL,1.0,NEUTRAL,0.9
817800,ANTI_EQUALITY,0.95,gender,us,ANTI_EQUALITY,0.9,ANTI_EQUALITY,0.8
810578,NEUTRAL,1.0,gender,us,NEUTRAL,1.0,PRO_EQUALITY,0.75
781242,ANTI_EQUALITY,0.95,income,nz,PRO_EQUALITY,0.7,ANTI_EQUALITY,0.7
556075,NEUTRAL,0.95,income,us,NEUTRAL,0.5,NEUTRAL,0.85
440068,NEUTRAL,0.95,income,us,NEUTRAL,0.5,PRO_EQUALITY,0.75
595715,NEUTRAL,1.0,income,us,NEUTRAL,1.0,NEUTRAL,0.95
46068,NEUTRAL,1.0,income,ca,NEUTRAL,1.0,NEUTRAL,0.9
626055,NEUTRAL,0.95,income,us,NEUTRAL,1.0,NEUTRAL,0.92
535629,ANTI_EQUALITY,0.95,income,us,ANTI_EQUALITY,0.8,ANTI_EQUALITY,0.88
793363,NEUTRAL,1.0,health,us,NEUTRAL,1.0,NEUTRAL,0.98
80088,NEUTRAL,1.0,income,gb,NEUTRAL,1.0,NEUTRAL,0.85
213748,NEUTRAL,1.0,income,ie,NEUTRAL,1.0,PRO_EQUALITY,0.72
201846,ANTI_EQUALITY,0.95,gender,in,NEUTRAL,1.0,PRO_EQUALITY,0.75
6286,NEUTRAL,1.0,income,us,NEUTRAL,0.5,NEUTRAL,0.9
666139,NEUTRAL,1.0,income,us,NEUTRAL,0.5,NEUTRAL,0.95
519754,ANTI_EQUALITY,1.0,income,in,PRO_EQUALITY,0.8,PRO_EQUALITY,0.8
532117,NEUTRAL,1.0,income,gb,NEUTRAL,0.9,NEUTRAL,0.88
460220,NEUTRAL,1.0,income,pk,NEUTRAL,0.9,NEUTRAL,0.96
51662,NEUTRAL,1.0,income,in,NEUTRAL,0.9,NEUTRAL,0.94
96414,ANTI_EQUALITY,0.95,wealth,us,PRO_EQUALITY,0.8,ANTI_EQUALITY,0.78
857246,NEUTRAL,1.0,income,in,NEUTRAL,0.9,NEUTRAL,0.96
363120,ANTI_EQUALITY,0.95,income,us,PRO_EQUALITY,0.7,ANTI_EQUALITY,0.65
283418,NEUTRAL,1.0,income,us,PRO_EQUALITY,0.9,PRO_EQUALITY,0.68
633218,NEUTRAL,0.95,income,us,NEUTRAL,0.5,NEUTRAL,0.93
871414,NEUTRAL,0.95,income,ng,NEUTRAL,0.5,PRO_EQUALITY,0.82
157416,ANTI_EQUALITY,0.95,wealth,nz,ANTI_EQUALITY,0.8,ANTI_EQUALITY,0.95
137296,NEUTRAL,1.0,income,in,NEUTRAL,0.9,NEUTRAL,0.9
349715,NEUTRAL,1.0,income,us,NEUTRAL,0.9,NEUTRAL,0.92
729197,ANTI_EQUALITY,0.95,income,us,ANTI_EQUALITY,0.7,NEUTRAL,0.85
535938,NEUTRAL,1.0,income,us,NEUTRAL,0.8,NEUTRAL,0.95
41482,ANTI_EQUALITY,1.0,gender,us,PRO_EQUALITY,0.9,PRO_EQUALITY,0.88
498404,ANTI_EQUALITY,0.95,gender,us,ANTI_EQUALITY,0.8,ANTI_EQUALITY,0.92
552869,NEUTRAL,1.0,income,ng,NEUTRAL,0.7,NEUTRAL,0.88
442148,NEUTRAL,1.0,income,gb,ANTI_EQUALITY,0.6,NEUTRAL,0.95
660832,ANTI_EQUALITY,0.95,wealth,gb,NEUTRAL,0.5,ANTI_EQUALITY,0.9
118015,NEUTRAL,0.95,income,in,NEUTRAL,1.0,NEUTRAL,0.95
742438,ANTI_EQUALITY,0.95,education,in,ANTI_EQUALITY,0.8,PRO_EQUALITY,0.85
14645,NEUTRAL,1.0,income,us,NEUTRAL,1.0,NEUTRAL,0.95
114781,NEUTRAL,1.0,income,us,NEUTRAL,1.0,NEUTRAL,0.92
573884,NEUTRAL,0.95,health,in,PRO_EQUALITY,0.7,NEUTRAL,0.93
551569,NEUTRAL,1.0,income,us,NEUTRAL,1.0,NEUTRAL,0.93
269649,NEUTRAL,1.0,income,ph,NEUTRAL,1.0,NEUTRAL,0.9
840269,NEUTRAL,1.0,income,us,NEUTRAL,1.0,NEUTRAL,0.92
732829,NEUTRAL,1.0,income,gb,PRO_EQUALITY,0.9,NEUTRAL,0.9
563129,NEUTRAL,1.0,income,us,NEUTRAL,0.5,NEUTRAL,0.88
425393,NEUTRAL,1.0,income,us,NEUTRAL,1.0,NEUTRAL,0.95
759715,NEUTRAL,1.0,income,us,NEUTRAL,1.0,NEUTRAL,0.95
729601,NEUTRAL,1.0,income,us,NEUTRAL,1.0,NEUTRAL,0.95
556337,NEUTRAL,0.95,income,us,NEUTRAL,1.0,NEUTRAL,0.95
5854,NEUTRAL,0.95,wealth,gb,NEUTRAL,1.0,NEUTRAL,0.9
263393,NEUTRAL,1.0,income,us,NEUTRAL,1.0,NEUTRAL,0.95
114451,ANTI_EQUALITY,0.95,income,pk,NEUTRAL,1.0,ANTI_EQUALITY,0.85
486557,NEUTRAL,1.0,income,us,NEUTRAL,1.0,NEUTRAL,0.95
289508,NEUTRAL,1.0,income,us,NEUTRAL,0.5,NEUTRAL,0.95
226466,NEUTRAL,1.0,income,hk,NEUTRAL,0.5,NEUTRAL,0.95
321072,NEUTRAL,1.0,income,ca,NEUTRAL,1.0,NEUTRAL,0.95
510950,NEUTRAL,1.0,income,ca,NEUTRAL,1.0,NEUTRAL,0.95
667164,NEUTRAL,1.0,income,us,NEUTRAL,1.0,NEUTRAL,0.95
820131,NEUTRAL,1.0,income,gb,NEUTRAL,1.0,NEUTRAL,0.95
100580,NEUTRAL,1.0,income,bd,NEUTRAL,1.0,NEUTRAL,0.95
473722,NEUTRAL,1.0,education,gb,NEUTRAL,1.0,NEUTRAL,0.85
414691,ANTI_EQUALITY,0.95,income,us,PRO_EQUALITY,0.8,PRO_EQUALITY,0.8
509948,NEUTRAL,1.0,income,us,NEUTRAL,1.0,NEUTRAL,0.95
686163,NEUTRAL,0.95,income,us,NEUTRAL,0.5,NEUTRAL,0.9
678107,ANTI_EQUALITY,1.0,income,us,NEUTRAL,0.5,ANTI_EQUALITY,0.88
790401,NEUTRAL,1.0,income,in,NEUTRAL,1.0,NEUTRAL,0.95
505996,NEUTRAL,0.95,income,in,NEUTRAL,1.0,NEUTRAL,0.9
310775,NEUTRAL,1.0,income,us,NEUTRAL,1.0,NEUTRAL,0.95
107697,ANTI_EQUALITY,1.0,gender,ng,ANTI_EQUALITY,0.8,ANTI_EQUALITY,0.85
416890,NEUTRAL,1.0,income,my,NEUTRAL,1.0,NEUTRAL,0.95
310710,NEUTRAL,1.0,income,us,NEUTRAL,1.0,NEUTRAL,0.9
12581,NEUTRAL,1.0,income,in,NEUTRAL,1.0,NEUTRAL,0.95
491322,NEUTRAL,0.95,income,ke,NEUTRAL,1.0,NEUTRAL,0.95
839300,ANTI_EQUALITY,0.95,health,nz,NEUTRAL,1.0,PRO_EQUALITY,0.8
509941,NEUTRAL,1.0,income,us,NEUTRAL,0.5,NEUTRAL,0.9
657654,NEUTRAL,1.0,income,za,NEUTRAL,1.0,NEUTRAL,0.95
806543,NEUTRAL,1.0,income,us,NEUTRAL,1.0,NEUTRAL,0.9
355567,ANTI_EQUALITY,0.95,income,nz,ANTI_EQUALITY,0.8,ANTI_EQUALITY,0.75
521865,NEUTRAL,1.0,education,us,NEUTRAL,1.0,NEUTRAL,0.95
335133,NEUTRAL,1.0,income,us,NEUTRAL,1.0,NEUTRAL,0.95
332667,ANTI_EQUALITY,0.95,income,ie,PRO_EQUALITY,0.9,ANTI_EQUALITY,0.7
772426,NEUTRAL,0.95,income,us,NEUTRAL,1.0,NEUTRAL,0.9
744467,NEUTRAL,0.95,income,pk,NEUTRAL,1.0,NEUTRAL,0.95
766002,NEUTRAL,0.95,income,us,NEUTRAL,1.0,NEUTRAL,0.95
290437,NEUTRAL,0.95,income,us,NEUTRAL,0.5,NEUTRAL,0.95
